Dataset ID,Date-Time Stamp,Temperature,Humidity,Energy Consumption,Seasonal Variations,Day Type,Predicted Energy Consumption,Uncertainty Estimate
1,01-03-2020 11:17,26.16,45.54,249.22,FALSE,Weekday,515.15,0.16
2,9/27/2020 21:02:16,-40.07,11.86,100.46,FALSE,Holiday,748.49,0.09
3,05-09-2022 14:32,-28.05,65.39,644.89,TRUE,Holiday,678.8,0.37
4,12/19/2020 12:15:20,15.99,4.09,656.83,TRUE,Weekday,622.74,0.58
5,11-10-2021 03:06,31.35,24.87,775.08,TRUE,Weekday,307.83,0.84
6,12/21/2020 00:51:19,-19.09,45.72,182.85,TRUE,Holiday,721.43,0.66
7,11/14/2022 11:52:45,-29.04,93.45,42.56,TRUE,Holiday,755.28,0.65
8,11-01-2021 04:38,-30.97,12.42,741.45,FALSE,Weekday,925.08,0.23
9,1/13/2021 16:48:07,48.63,74.59,945.51,FALSE,Weekday,292.28,0.83
10,8/23/2021 07:53:10,15.45,80.94,46.79,TRUE,Weekend,691.63,0.39
11,12-07-2020 00:55,36.58,11.9,596.61,FALSE,Weekend,102.39,0.1
12,9/18/2021 23:01:11,25.72,60.62,496.44,FALSE,Weekday,576.77,0.14
13,06-12-2021 03:10,5.5,18.8,317.49,FALSE,Holiday,532.63,0.5
14,5/27/2022 04:06:05,-49.27,55.08,184.86,FALSE,Weekend,494.05,0.17
15,03-07-2022 20:04,46.11,20.8,966.3,FALSE,Holiday,284.4,0.06
16,9/28/2021 16:44:55,21.65,47.93,626.02,TRUE,Weekday,866.48,0.81
17,1/26/2022 05:52:59,7.86,97.41,345.74,FALSE,Weekday,569.29,0.74
18,8/31/2021 05:20:43,-16.74,79.65,784.43,TRUE,Weekday,431.14,0.43
19,5/16/2020 16:57:45,28.99,10.36,756.29,FALSE,Weekday,374.5,0.14
20,1/27/2021 19:48:29,-44.61,27.39,711.35,FALSE,Holiday,415.25,0.82
21,06-11-2021 02:46,-48.85,39.86,189.23,TRUE,Weekend,660.32,0.75
22,10/23/2020 05:53:09,-29.6,74.61,801,TRUE,Weekend,495.09,0.1
23,5/22/2021 13:49:04,-44.71,46.64,530.73,TRUE,Weekday,294.84,0.13
24,11-04-2022 05:42,36.81,63.06,292.67,FALSE,Weekday,823.74,0.75
25,04-01-2021 22:32,13.01,95.23,470.26,TRUE,Weekend,857.65,0.7
26,03-04-2021 02:44,-13.67,53.79,196.11,TRUE,Holiday,458.34,0.16
27,1/18/2020 15:23:22,-42.69,50.69,338.33,FALSE,Weekday,272.56,0.86
28,11/25/2022 12:20:26,14.31,65.94,173.39,TRUE,Holiday,426.27,0.4
29,06-11-2022 11:23,39.56,47.41,288.25,TRUE,Holiday,188.83,0.46
30,11-04-2022 14:12,23.86,51.11,101.8,FALSE,Weekday,84.08,0.04
31,06-05-2021 14:18,-29.98,60.65,314.91,FALSE,Weekend,935.55,0.92
32,2/23/2020 01:32:41,3.76,78.93,933.49,FALSE,Weekend,991.15,0.43
33,12/18/2021 15:20:16,33.66,46.2,533.15,TRUE,Holiday,428.99,0.33
34,06-05-2021 19:57,-27.76,84.83,819.25,FALSE,Weekend,203.42,0.93
35,9/14/2022 21:16:20,14.19,93.25,76.35,TRUE,Holiday,839.68,0.54
36,1/29/2022 19:38:07,-8.7,86.6,321.48,FALSE,Weekend,967.09,0.29
37,10/29/2021 05:45:28,42.05,35.32,483.99,FALSE,Weekend,495.81,0.55
38,09-08-2020 21:24,-1.83,12.01,960.9,TRUE,Weekend,145.02,0.91
39,9/27/2021 08:07:12,-11.92,5.43,463.81,FALSE,Weekday,652.14,0.78
40,08-11-2021 04:14,12,74.75,888.17,FALSE,Weekend,231.9,0.28
41,6/15/2022 06:18:16,-27.27,95.31,660.45,TRUE,Weekday,575.39,0.89
42,3/26/2022 11:07:05,47.57,78.24,720.11,TRUE,Weekend,468.49,0.68
43,04-07-2020 18:52,25.41,49.1,171.38,TRUE,Holiday,600.57,0.81
44,7/13/2022 11:03:01,-0.96,67.87,480.56,FALSE,Weekend,740.14,0.14
45,06-11-2021 14:45,-21.94,33.27,104.05,FALSE,Weekend,688.45,0.41
46,3/24/2022 00:12:49,1.4,69.31,822.25,FALSE,Weekday,388.43,0.82
47,11/21/2020 11:50:12,33.72,73.11,338.1,TRUE,Weekend,520.57,0
48,05-07-2022 17:19,-16.13,4.07,220.14,FALSE,Holiday,604.11,0.44
49,5/16/2021 04:22:45,-29.65,33.97,236.93,TRUE,Weekend,841.29,0.1
50,12-06-2020 23:55,-20.39,25.06,322.88,FALSE,Weekday,581.55,0.98
51,04-05-2022 23:01,17.15,38.3,523.94,FALSE,Holiday,332.68,0.77
52,2/21/2020 02:40:08,14.97,96.8,28.15,TRUE,Holiday,630.56,0.34
53,7/13/2022 15:26:34,-5.44,87.01,769.66,TRUE,Weekend,918.05,0.7
54,2/25/2020 20:50:14,-1.08,29.61,685.83,FALSE,Weekday,982.9,0.21
55,12/27/2020 23:26:03,31.53,63.81,465.42,TRUE,Weekend,948.12,0.36
56,01-09-2021 14:15,-14.59,72.96,809.39,FALSE,Holiday,530.34,0.56
57,12/30/2020 19:05:15,14.54,56.88,624.36,TRUE,Weekday,474.45,0.24
58,5/14/2022 01:12:58,-29.9,47.07,703.85,TRUE,Weekend,793.05,0.97
59,5/13/2022 02:28:56,-0.74,90.89,484.92,TRUE,Holiday,259.46,0.06
60,03-11-2020 11:56,37.87,2.41,871,TRUE,Weekday,990.74,0.09
61,4/22/2022 10:26:36,-34.2,44.93,797.28,FALSE,Holiday,220.94,0.04
62,5/20/2021 22:15:14,14.53,12.63,778.06,TRUE,Holiday,103.85,0.48
63,3/29/2022 01:27:55,-42.53,19.57,354.2,TRUE,Holiday,273.74,0.92
64,12-07-2022 14:11,30.98,90.8,788.24,TRUE,Weekend,184.95,0.93
65,04-02-2021 03:12,-23.59,8.5,830.77,TRUE,Holiday,68.84,0.91
66,11-09-2022 01:59,-44.48,8.78,96.63,FALSE,Holiday,853.53,0.2
67,08-07-2021 08:19,20.44,62.15,667.83,TRUE,Weekday,124.96,0.76
68,12/23/2022 20:30:24,-48.38,61.33,586.11,TRUE,Weekend,373.22,0.01
69,6/27/2022 14:25:49,-18.58,84.16,355.29,FALSE,Weekday,54.97,0.31
70,03-04-2020 02:21,13.72,38.9,910.49,FALSE,Holiday,748.13,0
71,1/22/2021 03:23:59,-23.2,13.42,743.19,FALSE,Holiday,769.91,0.79
72,5/22/2022 22:53:35,23.81,72.35,287.27,TRUE,Holiday,570.29,0.66
73,2/15/2021 22:41:56,21,92.35,608.25,FALSE,Weekday,822.02,0.07
74,12/15/2020 09:37:26,-24.92,51.82,695.21,FALSE,Holiday,117.68,0.6
75,9/26/2021 12:00:00,-41.05,74.49,197.06,TRUE,Weekday,468.74,0.74
76,11/16/2022 08:14:03,27.16,38.34,783.15,TRUE,Weekday,637.48,0.65
77,1/26/2021 03:21:44,-16.54,82.46,176.15,FALSE,Weekday,519.08,0.87
78,03-12-2022 21:18,46.64,1.71,265.7,TRUE,Holiday,215.22,0.5
79,01-10-2022 08:22,23.36,13.28,20.19,TRUE,Weekday,752.97,0.97
80,09-03-2022 09:03,-36.15,82.73,318.91,TRUE,Weekday,487.47,0.98
81,11/22/2022 03:49:07,9.17,56.3,228.53,TRUE,Weekday,799.06,0.24
82,08-04-2021 23:22,-14.44,24.74,384.16,FALSE,Weekday,103.46,0.77
83,05-12-2021 03:52,25.79,68.83,147.92,TRUE,Weekend,355.96,0.05
84,7/23/2020 02:21:00,-11.86,18.08,536.22,FALSE,Weekend,300.64,0.38
85,12-05-2021 20:27,23.06,50.71,696.81,FALSE,Weekend,667.07,0.81
86,6/30/2022 19:33:33,29.42,53.22,127.99,FALSE,Weekend,664.81,0.37
87,1/20/2022 15:15:25,4.15,45.8,529.76,FALSE,Weekend,522.38,0.48
88,10/29/2020 19:40:35,34.65,70.2,897.28,TRUE,Weekend,806.59,0.72
89,11/21/2022 18:57:28,-19.97,81.84,714.2,FALSE,Weekend,606.89,0.09
90,7/24/2021 19:12:56,-5.28,14.54,897.81,TRUE,Weekday,394.33,0.31
91,11-07-2022 15:41,0.61,91.12,791.48,TRUE,Weekend,511.76,0.07
92,4/25/2021 22:42:29,33.03,78.05,949.67,FALSE,Holiday,371.82,0.15
93,7/25/2020 18:13:37,33.97,66.51,522.45,TRUE,Weekday,944.99,0.31
94,8/19/2022 11:51:05,-26.04,85.94,308.98,FALSE,Weekday,171.74,0.05
95,10-03-2021 14:00,19.58,70.83,762.52,FALSE,Weekend,820,0.08
96,01-07-2020 20:34,14.68,2.03,35.02,FALSE,Weekend,199.42,0.6
97,11-05-2021 15:59,6.83,49.92,636.95,FALSE,Weekday,442.76,0.48
98,04-09-2022 06:32,8.81,94.37,178.71,FALSE,Weekend,736.42,0.7
99,8/28/2022 18:01:40,32.63,13.39,403.41,FALSE,Holiday,157.84,0.73
100,1/16/2021 14:18:00,13.21,11.34,408.66,TRUE,Weekday,428.32,0.02
101,11-10-2022 07:23,-5.5,88.99,714.4,FALSE,Weekend,917.98,0.42
102,08-10-2020 12:17,-25.27,66.94,303.94,TRUE,Holiday,324.89,0.94
103,12/21/2020 17:31:37,14.42,16.01,764.47,FALSE,Holiday,613.45,0.37
104,8/19/2020 19:30:26,7.75,0.73,225.69,FALSE,Weekday,808.55,0.92
105,07-09-2022 14:53,22.21,93.81,691.54,FALSE,Holiday,546.65,0.38
106,09-10-2022 22:06,24.83,13.13,980.79,FALSE,Weekday,368.31,0.73
107,9/20/2022 03:07:57,-0.8,99.93,826.61,TRUE,Weekday,587.56,0.79
108,02-02-2022 20:24,26.02,65.52,767.63,TRUE,Holiday,41.18,0.91
109,9/29/2021 09:58:59,41.14,81.75,127.87,FALSE,Weekend,184.36,0.01
110,7/30/2022 09:02:56,-14.37,66.34,43.15,TRUE,Weekday,233.91,0.96
111,04-04-2020 14:44,-32.15,91.67,170.36,FALSE,Weekday,657.01,0.1
112,10-04-2022 10:39,27.02,40.36,149.95,FALSE,Weekend,852.48,0.17
113,9/17/2021 13:35:47,-8.6,24.41,68.74,TRUE,Weekend,355.16,0.59
114,6/19/2022 10:10:57,-23.61,26.18,555.43,FALSE,Weekend,47.86,0.96
115,05-12-2020 17:10,-43.5,90.2,254.44,FALSE,Weekend,208.69,0
116,6/26/2020 13:51:06,14.94,48.51,181.21,FALSE,Holiday,510.87,0.36
117,8/15/2022 21:38:34,40.32,10.96,988.23,TRUE,Weekend,368.65,0.78
118,02-09-2020 23:35,-1.96,5.39,976.1,TRUE,Weekend,72.4,0.15
119,02-08-2022 10:35,33.5,68.33,153.24,TRUE,Holiday,346.53,0.21
120,4/27/2021 23:59:49,-3.93,99.78,485.37,TRUE,Holiday,720.26,0.27
121,12-11-2020 21:14,29.27,88.15,100.34,FALSE,Weekday,864.63,0.56
122,12-12-2021 06:39,4.5,36.74,852.63,FALSE,Weekend,448.18,0.72
123,10-09-2022 07:02,21.3,31.68,44.85,TRUE,Holiday,802.46,0.33
124,8/13/2020 21:58:16,-47.85,29.33,362.19,TRUE,Weekday,459.34,0.25
125,7/26/2020 16:40:41,-48.22,66.68,114.61,TRUE,Weekday,757.63,0.07
126,1/31/2022 00:45:13,-2.66,43.46,898.01,TRUE,Weekday,393.18,0.92
127,9/17/2022 23:07:03,24.11,55.14,562.82,FALSE,Weekday,481.13,0.14
128,05-02-2020 08:42,40,66.97,242.42,FALSE,Weekend,150.48,0.88
129,04-12-2020 15:10,-7.48,11.81,326.89,FALSE,Weekday,838.68,0.18
130,08-04-2021 02:56,-13.24,72.43,484,FALSE,Weekday,844.23,0.38
131,4/27/2020 11:49:32,9.97,3.94,488.79,TRUE,Weekday,480.77,0.83
132,11/18/2022 06:32:37,-3.94,15.52,457.81,TRUE,Weekday,201.67,0.63
133,07-11-2021 05:19,-11.03,66.88,401.65,TRUE,Holiday,523.55,0.25
134,9/27/2022 11:53:09,-42.13,12.66,969.07,TRUE,Holiday,576.34,0.67
135,2/29/2020 14:13:52,-17.36,4.79,804.61,TRUE,Holiday,484.37,0.95
136,5/16/2022 11:43:20,11.61,99.64,222,FALSE,Weekend,108.68,0.01
137,8/23/2020 04:43:03,44.1,77.54,77.99,TRUE,Holiday,542.96,0.56
138,4/21/2022 04:29:43,-28.57,75.42,343.91,FALSE,Weekend,316.99,0.97
139,07-07-2022 21:49,30.96,33.43,151.06,TRUE,Weekday,103.72,0.33
140,3/27/2021 08:24:22,19.57,47.43,641.9,FALSE,Weekday,895.62,0.38
141,12/27/2021 00:44:38,-38.42,88.13,470.68,FALSE,Holiday,960.94,0.88
142,06-03-2022 09:33,-4.83,21.15,572.83,TRUE,Holiday,719.93,0.31
143,03-11-2020 11:31,-12.65,58.96,833.32,TRUE,Weekend,650.21,0.04
144,10/27/2021 23:59:45,-30.03,90.06,103.92,FALSE,Holiday,557.51,0.4
145,03-12-2022 23:47,-26.98,69.62,175.33,TRUE,Weekday,596.2,0.76
146,09-07-2021 00:43,45.3,56.68,246.75,TRUE,Weekday,787.77,0.42
147,03-06-2022 16:55,-46.55,33.64,967.47,FALSE,Holiday,432.48,0.53
148,10-01-2021 04:42,-19.92,97.51,590.52,FALSE,Weekend,421.02,0.44
149,09-10-2020 17:12,18.8,22,221.6,TRUE,Weekday,838.46,0.4
150,7/23/2020 00:39:08,-36.11,94.76,777.63,FALSE,Weekend,275.88,0.48
151,07-10-2020 17:03,-2.1,1.13,823.92,FALSE,Holiday,397.77,0.45
152,7/17/2022 14:48:36,-44.22,20.47,306.57,FALSE,Holiday,75.58,0.84
153,03-11-2022 12:47,25.12,40.03,313.07,FALSE,Holiday,285.42,0.75
154,07-10-2022 10:09,14.62,73.19,654.53,TRUE,Weekend,300.71,0.41
155,10-11-2021 07:37,12.5,32.73,445.33,FALSE,Weekend,842.18,0.94
156,9/14/2021 22:50:27,18.75,79.59,973.61,TRUE,Holiday,913.93,0.28
157,7/23/2020 06:18:16,-34.28,10.33,350.71,TRUE,Weekend,622.2,0.82
158,12/16/2021 20:09:41,-11.53,11.65,167.5,TRUE,Holiday,850.02,0.07
159,11/21/2020 20:42:34,-24.57,2.77,454.16,TRUE,Weekend,939.52,0.36
160,11-08-2022 08:50,-39.15,75.53,260.07,FALSE,Weekday,803.33,0.79
161,1/28/2021 11:53:46,-9.99,70.3,173.59,TRUE,Weekend,769.73,0.79
162,11-05-2021 00:48,-28.49,22.6,479.39,FALSE,Holiday,541.36,0.34
163,7/29/2022 10:38:58,46.84,3.74,909.93,TRUE,Weekday,599.97,0.07
164,7/26/2022 07:48:33,-33.56,83.85,126.99,TRUE,Holiday,166.34,0.78
165,01-10-2021 06:25,-30.73,12.29,424.69,FALSE,Holiday,529.86,0.68
166,9/14/2021 10:57:16,3.25,41.61,532.01,TRUE,Holiday,178.88,0.86
167,08-10-2020 15:08,28.71,50.32,307.17,TRUE,Weekend,200.9,0.75
168,08-07-2020 06:37,-36.69,80.68,807.68,TRUE,Holiday,927.62,0.96
169,1/29/2022 03:31:01,14.98,68.85,296.4,TRUE,Holiday,349.43,0.28
170,9/23/2022 11:46:05,-44.17,93.12,589.87,FALSE,Weekday,722.32,0.46
171,11-07-2022 19:43,27.5,66.19,474.5,FALSE,Weekday,330.86,0.3
172,11/27/2021 17:37:09,30.12,24.91,594.69,FALSE,Weekend,245.15,0.47
173,10/15/2022 04:51:34,-5.72,43.81,500.55,TRUE,Weekday,410.92,0.56
174,5/23/2022 00:13:09,44.52,98.13,996.26,TRUE,Weekend,115,0.93
175,04-03-2020 16:55,-1.22,5.32,277.26,TRUE,Weekend,851.7,0.67
176,12/20/2022 06:38:35,-4.43,1.51,246.78,TRUE,Holiday,219.44,0.29
177,9/16/2022 21:26:39,28.06,16.05,830.5,TRUE,Holiday,899.2,0.79
178,10/25/2021 05:52:58,15.2,54.81,274.79,FALSE,Weekend,318.17,0.96
179,11/30/2021 11:58:37,-28.97,33.49,85.05,FALSE,Holiday,461.04,0.12
180,2/27/2022 01:25:40,-26.28,87.54,753.35,FALSE,Weekend,138.95,0.26
181,4/29/2021 06:55:07,-9.61,20.06,39.9,TRUE,Weekday,822.45,0.6
182,07-12-2021 03:39,-36.3,58.11,893.97,FALSE,Weekday,280.09,0.95
183,10/31/2020 19:42:36,25.28,46.55,148.75,TRUE,Weekday,295.21,0.25
184,1/22/2021 13:18:08,-6.12,72.95,393.22,TRUE,Weekday,931.05,0.12
185,05-09-2020 21:23,-24.56,25.39,226.87,TRUE,Weekday,65.81,0.31
186,06-08-2020 18:26,-28.51,24.18,603.3,TRUE,Weekday,123.3,0.03
187,4/17/2020 15:03:20,-31.47,88.6,832.84,FALSE,Holiday,782.5,0.95
188,01-08-2020 09:44,-49.56,33.43,22.53,TRUE,Holiday,793,0.09
189,8/22/2022 16:42:24,37.45,38.46,226.27,FALSE,Holiday,628.07,0.85
190,10/19/2021 19:06:37,30.73,46.34,535.31,FALSE,Weekday,505.39,0.39
191,05-06-2022 08:07,-14.08,43.71,183.66,FALSE,Holiday,349.09,0.01
192,12/19/2020 09:04:56,43.64,84.44,558.4,TRUE,Weekday,933.46,0.09
193,04-07-2022 06:35,33.75,63.69,4.39,TRUE,Weekend,927.37,0.39
194,02-05-2020 22:12,11.34,15.65,658.13,FALSE,Weekday,315.26,0.03
195,1/30/2022 10:21:58,2.81,42.47,941.05,TRUE,Weekend,603.17,0.64
196,02-01-2021 06:51,13.44,9.81,720.43,FALSE,Weekday,939.24,0.06
197,10/13/2021 02:50:16,19.25,28.25,947.89,FALSE,Weekday,277.78,0.09
198,10/25/2021 13:46:45,38.44,83.41,462.75,FALSE,Weekend,697.32,0.47
199,03-04-2020 01:06,42.42,82.08,55.11,TRUE,Holiday,825.06,0.77
200,10/20/2020 18:25:25,-24.69,27.92,100.39,TRUE,Weekday,196.74,0.53
201,1/27/2020 23:49:36,10.28,70.53,686.62,FALSE,Weekday,856.9,0.46
202,8/14/2022 11:40:27,10.99,82.55,916.2,FALSE,Weekday,144.04,0.67
203,02-06-2022 15:41,-14.31,25.9,761.8,TRUE,Weekend,461.01,0.38
204,6/21/2022 00:01:18,-36.61,31.57,144.01,FALSE,Weekend,308.72,0.65
205,8/13/2020 15:21:35,-21.72,51.49,859.56,FALSE,Weekend,624.9,0.7
206,4/24/2021 01:53:40,48.22,42.14,813.31,FALSE,Weekday,414.31,0.77
207,10-07-2020 16:00,-48.91,63.43,557.54,TRUE,Holiday,101.17,0.44
208,09-04-2020 21:31,0.44,48.87,408.38,FALSE,Weekday,239.2,0.45
209,1/30/2022 15:40:34,-39.79,6.82,254.75,FALSE,Weekend,652.02,0.71
210,02-09-2022 05:50,25.09,8.62,946.68,TRUE,Weekend,535.08,0.92
211,12/14/2022 21:46:47,-32.13,19.92,414.41,TRUE,Weekend,639.49,0.66
212,10/28/2020 07:14:15,12.94,9.56,572.64,FALSE,Weekday,689.38,0.75
213,6/19/2021 01:14:44,-25.14,4.55,829.34,TRUE,Holiday,521.18,0.55
214,8/19/2022 18:19:11,18.02,57.77,115.92,TRUE,Weekday,731.41,0.08
215,3/26/2022 23:09:46,20.15,56.09,250,FALSE,Weekend,460.33,0.97
216,01-07-2021 03:53,10.62,92.56,748.11,TRUE,Weekend,314.55,0.54
217,02-03-2022 05:47,42.9,26,803.18,FALSE,Holiday,462.42,0.55
218,2/17/2020 19:58:37,-42.14,37.88,932.41,FALSE,Weekend,809.3,0.97
219,3/30/2020 11:09:42,-22.87,6.55,218.24,TRUE,Weekend,179.46,0.16
220,11-06-2021 23:59,-20.88,16.3,784.9,TRUE,Weekend,499.41,0.03
221,02-05-2020 03:00,1.13,23.45,435.54,TRUE,Weekend,877.73,0
222,12/29/2022 00:06:23,-23.59,39.96,72.94,TRUE,Holiday,760.17,0.55
223,12-06-2021 07:12,-9.03,65.18,454.54,TRUE,Weekday,16.31,0.68
224,7/15/2022 06:18:01,27.31,5.23,981.33,FALSE,Weekday,66.73,0.44
225,10/31/2022 13:40:34,11.39,34.7,262.67,FALSE,Weekend,594.51,0.93
226,09-03-2022 00:04,30.48,16.66,110.71,FALSE,Weekend,200.96,0.79
227,4/21/2021 21:21:19,18.99,4.97,47.05,FALSE,Weekend,819.41,0.46
228,10-06-2021 23:12,24.36,36.04,972.15,FALSE,Weekend,68.73,0.77
229,03-02-2022 11:59,25.59,22.68,666.25,FALSE,Weekend,878.79,0.47
230,6/22/2022 21:59:19,30.71,13.63,525.76,TRUE,Weekday,302.48,0.97
231,08-06-2022 10:18,25.21,32.3,791.33,TRUE,Weekday,977.11,0.81
232,1/16/2022 20:03:43,-0.7,81.95,189.57,TRUE,Holiday,844.92,0.54
233,05-11-2022 14:01,-25.38,36.51,170.84,FALSE,Weekday,54.08,0.52
234,10/30/2022 01:50:23,-45.62,7.91,254.57,TRUE,Weekend,786.64,0.65
235,12-06-2020 07:11,-3.35,92.24,68.18,FALSE,Weekday,280.34,0.19
236,09-08-2022 19:23,45.25,8.29,339.89,FALSE,Weekday,635.27,0.43
237,5/20/2020 11:39:50,15.58,78.99,707.59,TRUE,Holiday,370.38,0.61
238,12-10-2021 01:25,-36.67,9.8,693.41,FALSE,Weekday,512.79,0.1
239,5/30/2020 10:42:37,15.49,46.2,138.93,TRUE,Holiday,384.72,0.78
240,07-02-2022 12:12,46.47,92.76,922.84,FALSE,Weekday,1.15,0.11
241,08-09-2022 11:23,-4.45,96.98,791.31,FALSE,Weekend,441.19,0.03
242,01-10-2022 21:56,42.33,93.39,447.75,TRUE,Holiday,303.69,0.39
243,06-08-2020 08:15,5.9,36.13,399.36,FALSE,Weekday,319.47,0.47
244,6/15/2021 02:14:21,8.23,8.51,780.45,FALSE,Weekday,982.84,0.51
245,3/23/2021 07:19:45,-39.85,63.33,585.38,TRUE,Holiday,384.99,0.37
246,09-11-2020 18:46,-28.72,84.68,674.91,TRUE,Weekend,692.05,0.49
247,05-11-2022 09:23,-0.6,58.26,475.68,FALSE,Weekday,532.4,0.11
248,3/27/2021 03:12:42,26.34,35.01,497.86,TRUE,Holiday,564.86,0.73
249,5/24/2021 15:38:56,12.03,42.71,616.7,TRUE,Weekend,433.44,0.63
250,5/28/2020 20:21:39,-24.38,78.91,165.21,TRUE,Weekday,321.82,0.27
251,1/24/2022 06:02:02,-12.62,52.2,15.95,TRUE,Weekday,649.92,0.43
252,12-02-2021 05:03,-31.49,23.32,558.69,FALSE,Holiday,790.66,0.61
253,9/25/2022 10:06:27,-31.25,13.69,195.14,FALSE,Weekday,495.37,0.31
254,6/20/2022 23:37:03,13.79,19.53,52.12,FALSE,Weekday,848.2,0.11
255,2/20/2021 06:13:06,37.05,87.96,477.72,TRUE,Weekday,754.54,0.72
256,7/17/2022 15:29:03,8.8,77.31,189.29,FALSE,Weekend,732.66,0.59
257,3/31/2021 23:40:53,17.35,81.22,877.69,FALSE,Weekend,48.58,0.33
258,9/18/2021 17:50:06,-17.74,83.33,414.76,FALSE,Weekday,689.98,0.13
259,6/15/2021 22:59:43,-28.36,65.78,126.56,FALSE,Weekend,397.08,0.73
260,7/18/2021 04:49:50,-13.68,24.41,582.03,FALSE,Holiday,974.94,0.37
261,07-05-2022 07:31,-16.5,65.13,581.91,TRUE,Holiday,510.81,0.39
262,1/27/2022 23:44:52,36.57,1.14,472.16,FALSE,Weekday,158.76,0.15
263,12/24/2021 01:25:39,4.45,55.68,286.74,FALSE,Holiday,143.7,0.06
264,12-01-2022 06:18,-24.63,78.26,739.52,TRUE,Weekend,40.3,1
265,3/31/2021 10:05:49,-25.33,67.81,786.85,TRUE,Weekday,823.5,0.75
266,4/15/2022 23:46:10,-2.03,15.53,255.47,FALSE,Holiday,375.99,0.74
267,02-03-2020 11:36,21.08,18.66,410.67,TRUE,Weekend,193.63,0.28
268,11/24/2022 23:12:32,-14.75,46.51,844.08,TRUE,Weekend,150.08,0.78
269,1/25/2021 20:34:53,-44.61,1.59,507.9,TRUE,Holiday,767.01,0.9
270,3/27/2022 03:18:48,20.55,8.3,747.49,FALSE,Holiday,766.28,0.02
271,5/22/2021 22:11:56,-14.29,20.78,347.09,TRUE,Holiday,17.63,0.05
272,6/26/2020 21:47:28,-19.91,57.03,981.65,TRUE,Weekday,567.42,0.69
273,3/22/2020 16:23:46,12.06,29.72,707.52,FALSE,Holiday,191.39,0.31
274,3/25/2021 11:44:55,-21.67,32.7,789.11,TRUE,Holiday,555.42,0.01
275,11-04-2020 02:32,46.04,48.38,312.17,FALSE,Weekend,968.83,0.64
276,10/31/2020 19:01:50,-31.07,56.59,278.35,TRUE,Weekday,526.48,0.75
277,12/21/2020 09:32:41,-49.5,74.72,104.33,FALSE,Weekday,258.03,0.47
278,08-08-2021 06:13,-5.07,40.82,109.36,FALSE,Holiday,620.05,0.56
279,10/25/2021 12:00:20,45.02,1.17,693.07,FALSE,Weekday,102.95,0.35
280,8/16/2020 21:03:12,27.83,38.58,701.96,TRUE,Weekend,483.63,0.21
281,7/22/2020 20:45:47,-13.28,47.76,84.02,FALSE,Weekend,846.87,0.53
282,4/25/2020 03:56:21,-14.02,80.12,413.43,TRUE,Weekend,402.55,0.93
283,3/23/2021 09:21:01,-14.14,48.23,622.92,TRUE,Weekend,201.76,0.61
284,6/29/2022 12:37:06,-34.63,14.44,488.53,TRUE,Holiday,57.53,0.9
285,6/15/2022 04:37:33,46.63,92.15,89.02,FALSE,Holiday,869.77,0.8
286,3/21/2021 07:22:33,-21.35,21.52,919.95,TRUE,Holiday,572.48,0.76
287,12/18/2022 14:19:51,27.07,30.35,761.04,TRUE,Holiday,222.26,0.28
288,9/15/2022 11:57:37,37.77,28.52,625.64,TRUE,Weekday,971.7,0.47
289,5/23/2021 22:20:12,49.93,77.48,921.55,FALSE,Weekend,681.54,0.48
290,8/26/2020 19:24:55,-0.6,86.84,254.86,TRUE,Weekday,421.93,0.06
291,11-04-2021 11:28,4.04,32.71,305.1,FALSE,Holiday,963.25,0.44
292,12-05-2021 03:29,15.63,32.64,103.67,FALSE,Holiday,601.36,0.55
293,01-06-2022 11:03,49.04,49.71,597.77,TRUE,Holiday,660.73,0.04
294,5/25/2022 10:39:22,46.21,1.16,234.63,TRUE,Weekend,67.87,0.31
295,3/30/2020 18:26:52,-12.17,31.48,404.3,TRUE,Holiday,857.49,0.99
296,2/24/2020 20:09:40,-46.88,77.19,454.52,FALSE,Weekday,338.08,0.88
297,11/23/2022 15:21:27,-1.41,97.32,958.05,FALSE,Weekend,745.5,0.95
298,08-10-2020 14:48,1.43,84.76,286.13,FALSE,Weekday,276.25,0.64
299,1/18/2020 21:09:16,-15.1,77.61,768.38,FALSE,Weekend,972.13,0.48
300,8/20/2021 17:24:48,-4.55,92.17,51.27,FALSE,Holiday,976.74,0.98
301,7/30/2022 21:50:40,-6.59,78.19,519.2,TRUE,Holiday,681.06,0.62
302,04-01-2020 02:05,-15.02,26.43,624.18,TRUE,Holiday,735.67,0.32
303,10/29/2021 16:15:21,4.27,52.35,859.58,TRUE,Holiday,45.41,0.7
304,5/22/2022 00:11:42,44.21,89.57,941.62,TRUE,Holiday,411.4,0.66
305,5/29/2022 14:41:35,46.1,37.33,427.3,TRUE,Weekday,344.47,0.27
306,03-07-2021 04:48,-46.71,1.56,484.57,FALSE,Weekday,810.61,0.97
307,2/23/2021 08:33:35,32.58,22.39,182.28,FALSE,Weekend,164.89,0.69
308,01-09-2022 04:39,-35.77,44.31,886.99,TRUE,Weekday,205.88,0.66
309,12/14/2021 05:15:47,-19.82,0.05,824.47,FALSE,Weekday,883.46,0.06
310,4/25/2020 15:27:18,25.69,60.05,183.09,TRUE,Weekday,230.06,0.84
311,12-04-2020 20:27,41.07,43.88,640.36,TRUE,Weekday,134.05,0.78
312,11/23/2021 01:34:15,37.09,48.96,786.04,TRUE,Weekend,513.52,0.57
313,6/18/2020 21:53:03,-6.33,75.83,278.49,TRUE,Weekend,770.35,0.12
314,03-05-2022 04:04,19.57,99.12,281.67,TRUE,Holiday,215.28,0.75
315,10-08-2022 13:30,40.06,72.12,93.46,TRUE,Weekday,519.69,0.53
316,5/24/2020 10:52:36,45.25,4.54,901.92,TRUE,Weekend,54.79,0.23
317,12/30/2022 03:27:40,28.32,88.38,680.28,TRUE,Weekend,941.56,0.57
318,03-08-2022 14:11,-38.63,33.66,945.49,FALSE,Weekend,413.07,0.7
319,10-09-2022 17:06,32.12,22.87,2.59,TRUE,Weekday,390.41,0.4
320,1/26/2020 20:58:18,17.25,72.36,377.07,TRUE,Weekend,28.04,0.05
321,04-11-2022 17:45,2.75,22.91,593.74,TRUE,Weekend,966.15,0.02
322,11-06-2020 06:09,-38.63,17.38,491.64,TRUE,Holiday,381.16,0.84
323,04-03-2020 01:05,-7.18,40.2,747.98,FALSE,Weekend,5.4,0.11
324,01-04-2020 03:46,-17.62,89.51,57.91,TRUE,Weekend,273.58,0.29
325,10/16/2020 19:45:53,25.75,10.28,218.97,FALSE,Holiday,894.1,0.01
326,11-05-2021 05:09,13.14,39.33,474.18,TRUE,Weekday,514.83,0.41
327,10/14/2022 04:58:19,13.75,80.49,889.58,TRUE,Weekend,579.39,0.18
328,3/25/2021 00:43:40,21,60.06,823.02,TRUE,Weekend,652.33,0.55
329,4/23/2020 16:15:08,39.65,23.68,350.31,TRUE,Holiday,639.26,0.14
330,3/31/2020 11:02:33,31.07,18.36,51.22,TRUE,Weekday,920.76,0.78
331,3/18/2020 18:20:19,-46.6,67.32,257.14,FALSE,Weekday,876.51,0.95
332,12/28/2021 10:27:17,-29.53,2.05,901.67,TRUE,Weekday,659.68,0.81
333,7/25/2022 01:39:42,20.7,43.73,798.08,TRUE,Weekday,574.26,0.02
334,03-10-2020 10:03,32.99,36.83,953.58,TRUE,Holiday,353.16,0.49
335,9/16/2020 09:30:30,14.02,31.85,277.62,FALSE,Weekend,556.18,0.15
336,11-12-2022 07:22,-46.27,69.27,352.55,TRUE,Holiday,42.06,0.53
337,12/28/2021 21:00:08,19.9,18.96,295.71,FALSE,Weekend,521.69,0.89
338,4/28/2022 19:05:03,35.05,84.85,839.65,FALSE,Holiday,107.04,0.3
339,7/26/2020 13:35:50,-46.5,52.93,442.52,TRUE,Weekend,47.12,0.22
340,6/21/2021 03:37:47,10.63,69.76,820.18,TRUE,Weekday,962.83,0.24
341,12-09-2020 18:38,-20.19,45.78,840.35,TRUE,Weekday,577.64,0.31
342,9/28/2022 18:07:44,16.46,13.46,217.29,TRUE,Weekend,324.26,0.19
343,04-12-2022 04:49,-20.88,1.66,936.54,FALSE,Weekend,717.61,0.69
344,4/30/2021 00:35:19,-0.22,4.56,621.2,TRUE,Weekend,316.04,0.83
345,2/28/2020 01:52:23,21.15,43.05,856.93,FALSE,Weekday,504.08,0.29
346,11/29/2021 00:11:53,36.11,69.66,792.6,FALSE,Weekday,580.52,0.48
347,03-08-2022 00:15,-28.97,99.41,392,TRUE,Weekend,573.34,0.84
348,8/13/2020 07:33:51,-43.35,96.85,656,FALSE,Weekend,782.99,0.28
349,6/18/2021 17:13:12,15.15,70.37,293.26,FALSE,Holiday,441.47,0.96
350,11-07-2022 15:02,29.94,95.5,681.58,FALSE,Holiday,834.01,0.13
351,02-11-2021 12:50,1.33,92.62,589.66,FALSE,Holiday,101.83,0.81
352,07-11-2020 11:04,-30.57,19.37,23.8,FALSE,Weekday,182.28,0.86
353,6/18/2021 10:06:34,20.34,58.02,494.79,TRUE,Weekend,207.41,0.18
354,11/20/2021 06:42:35,41.39,65.21,583.35,FALSE,Weekend,305.14,0.55
355,03-03-2021 21:53,-14.97,94.29,382.6,TRUE,Holiday,347.32,0.06
356,10-10-2022 15:12,35.48,87.54,74.18,TRUE,Weekday,793.99,0.41
357,8/30/2022 07:07:07,-0.59,28.85,968.02,FALSE,Holiday,258.54,0.83
358,6/18/2020 15:47:02,43.69,45.34,418.91,FALSE,Weekend,820.72,0.42
359,2/18/2020 01:19:32,-47.76,10.28,354.67,FALSE,Weekday,941.49,0.89
360,9/24/2022 00:53:13,43.23,90.81,582.21,FALSE,Weekday,889.2,0.05
361,2/23/2022 10:23:22,-44.75,57.07,817.88,TRUE,Holiday,622.85,0.57
362,03-02-2021 08:25,-29.53,84.29,457.44,TRUE,Weekend,338.71,0.02
363,09-08-2020 20:09,3.53,17.53,411.94,FALSE,Weekday,830.55,0.99
364,08-11-2020 18:02,-42.62,20.11,513.12,FALSE,Holiday,851.75,0.87
365,9/19/2022 19:16:15,48.33,91.87,547.1,FALSE,Holiday,842.51,0.73
366,7/18/2022 05:09:16,37.44,65.92,669.54,TRUE,Weekend,68.79,0.5
367,07-01-2020 21:35,-36.35,97.54,324.8,FALSE,Holiday,492.96,0.33
368,02-04-2021 23:38,-38.67,56.23,856.95,TRUE,Weekend,778.82,0.26
369,8/18/2022 14:45:00,22.3,97.06,758.69,FALSE,Weekend,483.05,0.7
370,07-11-2020 03:45,-38.71,0.98,133.71,TRUE,Weekday,839.85,0.68
371,12-02-2022 16:10,20.16,32.64,740.06,TRUE,Holiday,934.81,0.57
372,2/15/2022 03:30:26,5.21,56.08,290.38,TRUE,Weekend,376.9,0.33
373,1/18/2020 08:56:33,-24.67,74.51,948.86,FALSE,Weekend,769.55,0.92
374,02-02-2022 08:00,-4.02,41.11,260.27,TRUE,Weekday,10.12,0.76
375,6/23/2020 06:47:51,13.71,59.57,148.78,FALSE,Holiday,189.06,0.85
376,3/22/2021 17:40:20,-44.91,87.82,485.83,TRUE,Holiday,241.63,0.52
377,9/17/2020 02:44:09,10.89,30.29,426.95,FALSE,Weekday,73.19,0.86
378,10/26/2020 07:06:50,-44.58,64.74,345.08,TRUE,Weekend,364.46,0.86
379,07-06-2020 21:07,-2.37,23.41,592.35,FALSE,Weekend,466.95,0.24
380,03-03-2020 07:29,-47.18,74.13,557.72,FALSE,Holiday,931.69,0.61
381,10/27/2022 23:56:21,6.77,51.46,864.84,TRUE,Weekend,166.23,0.63
382,5/23/2020 01:46:04,1.67,58.39,668.98,TRUE,Holiday,883.28,0.44
383,12-11-2021 18:25,11.87,45.27,717.34,TRUE,Weekend,795.72,0.23
384,11/22/2022 15:22:43,19.73,7.19,869.07,FALSE,Weekend,139.19,0.98
385,04-10-2020 16:04,24.54,30.33,556.71,FALSE,Holiday,806.1,0.92
386,07-05-2021 03:23,-41.15,69.04,464.57,FALSE,Weekday,463.6,0.22
387,06-12-2021 03:54,49.37,49.89,345.19,TRUE,Holiday,199.21,0.89
388,12-12-2020 11:04,-42.53,53.99,333.87,TRUE,Weekend,611.14,0.6
389,9/29/2020 05:37:45,-38.57,86.87,903.58,FALSE,Weekend,149.17,0.8
390,1/21/2021 14:41:14,24.59,64.54,170.44,TRUE,Holiday,457.24,0.42
391,09-03-2022 06:46,-29.13,8.07,881.44,FALSE,Weekday,261.64,0.43
392,07-04-2022 04:05,26.77,81.84,865.63,FALSE,Holiday,332.51,0.18
393,7/30/2020 23:59:18,36.35,20.05,970.45,TRUE,Weekend,167.79,0.96
394,10/19/2020 04:51:25,-17.79,95.89,467.37,FALSE,Holiday,327.58,0.62
395,06-01-2022 06:17,-42.43,1.54,403.37,TRUE,Holiday,387.2,0.57
396,6/15/2020 11:29:55,7.29,9.13,99.5,TRUE,Holiday,818.45,0.08
397,5/15/2022 23:59:38,39.17,87.84,665.8,FALSE,Holiday,707.98,0.1
398,1/27/2020 01:00:38,44.41,8.35,910.68,TRUE,Weekend,682.26,0.33
399,4/23/2022 18:55:44,-35.24,77.66,402.85,FALSE,Weekend,99.12,0.71
400,10-08-2022 02:30,9.96,45.51,621.04,TRUE,Weekday,418.48,0.89
401,05-05-2022 10:51,9.94,73.74,994.52,TRUE,Weekend,334.64,0.2
402,2/26/2021 03:25:06,-1.79,37.05,348.11,TRUE,Holiday,690.23,0.85
403,12/25/2020 18:27:57,-6.15,79.48,475.56,FALSE,Holiday,644.52,0.76
404,12/23/2020 02:42:57,-47.4,20.22,745.12,TRUE,Holiday,112.77,0.93
405,2/24/2020 08:32:35,-32.48,94.18,359.74,FALSE,Weekday,359.93,1
406,10/18/2021 12:30:53,35.45,21.8,808.75,TRUE,Weekend,276.29,0.93
407,12/25/2021 23:01:48,26.82,97.54,684.6,TRUE,Holiday,724.09,0.73
408,05-05-2022 01:34,-45.94,81.34,922.45,TRUE,Weekend,383.7,0.09
409,8/13/2021 11:45:39,-17.77,59.67,562.83,TRUE,Holiday,367.13,0.95
410,09-11-2022 12:17,-44.4,36.75,347.42,TRUE,Weekend,837.66,0.35
411,6/20/2022 00:00:03,-44.26,36.32,430.33,TRUE,Weekday,805.18,0.72
412,5/21/2020 23:53:50,-23.63,66.67,912.61,TRUE,Weekday,535.47,0.11
413,11/22/2020 15:43:23,43.64,81.93,376.19,FALSE,Weekend,346.23,1
414,1/20/2022 00:42:55,-33.9,56.42,394.16,TRUE,Weekend,633.67,0.44
415,11/13/2022 06:32:19,-3.73,40.46,669.74,FALSE,Holiday,774.98,0.32
416,11/26/2022 13:41:02,-11.7,98.14,713.92,TRUE,Holiday,252.3,0.48
417,4/16/2020 23:31:10,-19.02,92.95,209.17,TRUE,Holiday,899.4,0.6
418,2/26/2021 00:48:01,3.38,31.19,943.35,TRUE,Weekday,111.23,0.94
419,09-08-2022 21:24,-7.49,92.06,985.53,TRUE,Weekend,818.08,0.96
420,4/18/2020 07:00:20,-1.6,42.84,530.33,FALSE,Holiday,609.58,0.91
421,7/18/2020 12:02:18,22.26,33.82,617.39,FALSE,Holiday,198.67,0.41
422,12-01-2022 12:08,30.1,22.99,601.63,FALSE,Weekday,812.43,0.67
423,7/16/2021 13:39:26,5.69,65.33,225.61,TRUE,Holiday,449.02,0.05
424,10/24/2021 16:47:47,24.97,86.15,350.3,TRUE,Holiday,597.14,0.94
425,4/29/2022 05:25:02,39.06,31.67,589.87,FALSE,Weekend,920.56,0.96
426,7/26/2020 09:15:22,-4.04,23.56,124.49,FALSE,Weekday,325.77,0.09
427,3/22/2021 08:24:09,-45.13,89.24,284.73,TRUE,Weekend,237.44,0.84
428,05-01-2020 02:58,0.62,65.34,551.44,TRUE,Holiday,63.76,0.81
429,05-01-2022 00:54,-16.41,63.73,303.81,FALSE,Holiday,590.7,0.58
430,02-12-2020 07:28,48.83,91.76,941.65,FALSE,Weekday,83.28,0.26
431,02-12-2022 09:40,14.54,12.45,443.96,FALSE,Weekday,137.24,0.88
432,05-02-2021 15:00,-21.31,98.4,363.29,TRUE,Holiday,473.03,0.33
433,12-04-2020 20:13,45.12,38.44,875.8,FALSE,Weekday,550.32,0.25
434,10-04-2022 12:16,16.02,94.01,489.46,FALSE,Weekday,917.57,0.32
435,7/17/2021 09:42:27,29.32,82.32,798.64,TRUE,Holiday,419.8,0.88
436,8/29/2021 00:02:27,-4.81,13.09,686.3,TRUE,Weekday,114.75,0.55
437,10-05-2022 15:24,-1.97,44.48,792.62,FALSE,Holiday,125.37,0.5
438,7/18/2022 02:35:40,10.84,74.6,633.78,TRUE,Weekend,676.03,0.04
439,05-11-2021 08:24,41.74,4.56,847.18,FALSE,Weekday,426.95,0.5
440,3/19/2022 12:32:54,13.21,51.41,772.68,FALSE,Holiday,711.93,0.61
441,2/15/2020 10:31:53,35.99,59.98,85.59,TRUE,Holiday,388.73,0.03
442,3/30/2021 16:56:43,39.4,19.87,89.04,TRUE,Weekend,216.35,0.03
443,11/29/2021 14:08:31,-34.02,0.78,365.62,TRUE,Weekday,193.39,0.99
444,11-10-2020 10:23,2.74,49.43,408.22,TRUE,Weekend,76.71,0.07
445,8/17/2022 14:51:10,-39.14,22.39,938.89,FALSE,Weekday,901.79,0.56
446,9/27/2021 21:54:04,17.16,60.48,863.96,FALSE,Holiday,494.33,0.09
447,4/30/2020 08:36:43,-36.25,52.94,697.55,TRUE,Weekday,612.22,0.35
448,02-06-2021 12:17,7.94,10.74,466.42,FALSE,Weekday,818.15,0.5
449,09-11-2022 17:46,-13.4,85.11,914.13,FALSE,Holiday,5.53,0.43
450,09-10-2020 08:57,-19.12,67.87,818.49,TRUE,Weekend,702.29,0.65
451,3/18/2022 08:41:33,-40.38,70.37,663.37,TRUE,Weekend,347.51,0.78
452,11/20/2021 13:25:57,-33.4,26.76,234.54,TRUE,Weekday,787.07,0.93
453,09-03-2021 19:28,-3.14,27.31,237.05,TRUE,Holiday,857.28,0.74
454,1/16/2020 05:04:57,-42.2,58.6,419.92,TRUE,Weekday,304.27,0.96
455,10/21/2020 12:35:05,-24.59,64.88,952.29,TRUE,Weekday,579.04,0.52
456,03-10-2021 21:46,12.11,88.64,184.57,FALSE,Holiday,277.67,0.23
457,03-05-2022 01:59,6.31,83.95,603.59,FALSE,Holiday,643.07,0.88
458,4/28/2021 20:35:26,-39.61,0.43,240.41,TRUE,Weekend,64.59,0
459,2/22/2020 03:36:57,-17.23,70.99,332.87,FALSE,Holiday,390.93,0.62
460,1/14/2021 05:39:58,-48.64,79.37,978.44,TRUE,Weekend,756.99,0.28
461,06-03-2022 16:51,8.84,27.54,445.37,FALSE,Weekend,51.08,0.11
462,1/15/2020 16:06:39,44.54,10.59,47.35,TRUE,Holiday,586.48,0.02
463,3/25/2021 17:21:08,28.78,86.49,488.86,TRUE,Weekend,564.54,0.09
464,2/17/2020 23:37:21,16.5,73.4,401.41,FALSE,Weekend,554.44,0.79
465,3/22/2022 15:44:51,35.69,33.46,845.33,FALSE,Weekday,279.2,0.98
466,11-06-2021 04:22,-9.62,74.66,799,TRUE,Holiday,977.18,0.72
467,9/28/2022 20:48:31,13.34,30.99,258.22,FALSE,Weekday,67.43,0.05
468,1/13/2020 05:32:23,22.17,96.39,391.48,TRUE,Weekday,930.79,0.62
469,7/14/2021 22:44:21,-43.52,69.47,855.77,FALSE,Holiday,863.91,0.13
470,03-08-2022 08:24,-49.9,87.53,719.69,FALSE,Weekday,565.53,0.9
471,01-10-2021 20:39,-15.42,35.91,806.43,FALSE,Weekday,791.57,0.68
472,10/14/2021 19:47:46,31.98,9.66,586.53,TRUE,Holiday,623.82,0.67
473,11-11-2021 04:33,-25.86,35.73,955.33,TRUE,Weekend,772.59,0.1
474,2/18/2021 05:54:32,49.46,47.53,146.39,FALSE,Weekend,651.98,0.84
475,06-07-2022 19:23,49.06,80.32,809.14,TRUE,Weekday,943.4,0.3
476,07-10-2021 17:10,43.85,33.37,560.38,TRUE,Weekday,471.4,0.6
477,3/23/2020 23:14:12,-26.16,90.72,753.4,TRUE,Holiday,972.47,0.72
478,07-07-2021 04:17,-10.32,52.65,501.87,TRUE,Weekday,628.7,0.74
479,9/16/2022 14:05:55,-20.92,46.28,1.39,FALSE,Weekend,247.2,0
480,09-08-2020 00:25,49.25,43.58,578.74,TRUE,Weekend,285.44,0.69
481,02-05-2021 15:05,7.03,47.71,438.34,TRUE,Weekday,107.55,0.5
482,4/16/2022 04:49:07,-22,20.18,401.85,FALSE,Holiday,354.4,0.61
483,8/22/2022 20:07:38,28.4,67.91,211.11,FALSE,Weekday,498.33,0.91
484,10/22/2020 18:53:33,-3.68,36.93,323.24,TRUE,Weekend,933.13,0.97
485,3/19/2021 02:47:51,-18.89,69.2,973.91,FALSE,Weekday,67.69,0.07
486,5/30/2020 22:48:45,-32.67,10.4,282.49,FALSE,Weekend,890.44,0.29
487,7/18/2022 03:26:41,-32.02,79.8,177.99,FALSE,Weekday,121.1,0.53
488,08-06-2020 06:38,-32.82,34.86,809.37,TRUE,Weekend,542.04,0.89
489,1/14/2020 09:19:09,-32.19,83.42,271.95,FALSE,Weekend,692.68,0.05
490,8/23/2020 22:06:24,-39.72,82.53,200.2,FALSE,Weekday,524.27,0.54
491,09-11-2022 08:19,7.12,75.69,793.04,FALSE,Holiday,551.55,0.41
492,11/18/2021 14:00:48,32.56,99.82,318.31,FALSE,Holiday,144.19,0.24
493,4/23/2022 12:53:57,1.31,94.33,361.49,TRUE,Weekend,979.6,0.95
494,06-03-2021 13:48,33.16,75.09,344.84,TRUE,Weekday,473.68,0.66
495,5/16/2022 00:55:31,-25.65,16.62,86.2,FALSE,Holiday,132.75,0.62
496,7/28/2020 12:53:43,-7.91,29.13,246.73,TRUE,Holiday,141.3,0.57
497,11-05-2021 05:07,-40.51,93.57,888.75,FALSE,Weekday,880.35,0.88
498,10/15/2022 14:18:33,40.75,84.45,415.19,FALSE,Weekday,109.89,0.35
499,12-09-2022 03:49,-8.71,61.72,72.82,TRUE,Holiday,871.81,0.03
500,3/26/2022 04:35:47,32.69,99.02,9.64,TRUE,Weekend,4.12,0.54
501,11/30/2020 01:38:58,35.36,93.41,902.65,TRUE,Weekday,711.08,0.72
502,6/17/2020 03:32:54,-37.48,79.15,530.99,TRUE,Weekday,158.29,0.28
503,11/19/2020 19:26:52,-14.57,18.52,322.49,FALSE,Weekday,85.55,0.33
504,8/29/2021 16:18:49,-5.78,33.1,97.06,FALSE,Weekend,246.4,0.51
505,07-11-2022 07:41,24.37,39.85,954.95,FALSE,Holiday,336.77,0.67
506,11-08-2021 10:32,-16.62,79.7,957.89,TRUE,Weekday,898.58,0.48
507,9/21/2020 12:01:54,-48.91,99.66,614.98,TRUE,Weekend,274.39,0.87
508,3/27/2021 11:11:34,28.69,45.26,458.21,TRUE,Weekday,460.63,0.29
509,12-11-2020 01:06,-18.69,23.03,740.48,FALSE,Holiday,711.14,0.23
510,02-12-2021 02:15,-42.01,26.08,477.73,FALSE,Holiday,359.9,0.19
511,2/23/2020 13:37:13,1.8,37.35,544.69,FALSE,Weekday,495.93,0.66
512,12-08-2021 20:49,-35.22,96.32,633.23,FALSE,Holiday,112.83,0.74
513,09-11-2021 01:06,27.72,49.17,350.27,FALSE,Weekend,387.62,0.38
514,10-08-2020 18:39,46.35,69.45,186.54,FALSE,Holiday,463.37,0.5
515,12-01-2022 06:11,-42.89,65.72,370.88,FALSE,Weekend,671.5,0.04
516,8/31/2021 09:41:27,7.04,52.63,938.54,TRUE,Weekday,199.79,0.38
517,8/17/2022 22:47:09,42.66,41.67,300.66,TRUE,Weekend,979.95,0.63
518,8/25/2021 06:11:47,18.81,79.34,714.21,FALSE,Weekday,16.74,0.31
519,04-03-2022 07:41,35.5,90.42,323.44,FALSE,Holiday,780.17,0.06
520,12/30/2021 05:13:26,28.71,33.91,723.89,FALSE,Holiday,833.68,0.31
521,12-04-2020 15:08,-40.1,13.46,684.98,TRUE,Weekday,628.3,0.43
522,8/20/2022 12:38:12,41.53,53.12,417.96,FALSE,Weekday,956.53,0.1
523,11-08-2020 15:39,35.3,12.87,206.65,TRUE,Weekday,257.74,0.74
524,5/22/2021 19:39:47,45.41,1.53,74.46,FALSE,Weekend,302.3,0.62
525,05-02-2021 06:03,28.81,76.25,525.22,TRUE,Weekday,934.65,0.3
526,5/20/2021 17:49:09,26.89,87.89,77.35,FALSE,Holiday,767.93,0.47
527,12/18/2022 22:28:20,-13.45,44.81,629.9,TRUE,Holiday,231.19,0.9
528,9/26/2020 08:52:08,-31.63,81.4,809.61,TRUE,Weekend,624.83,0.86
529,08-01-2020 17:18,32.6,63.61,31.47,FALSE,Weekday,711.75,0.15
530,8/22/2022 16:24:50,25.63,9.47,592.39,FALSE,Weekend,98.23,0.3
531,11-11-2020 18:41,46.14,95.08,762.99,TRUE,Weekend,779.42,0.43
532,11-06-2020 03:57,9.81,52.33,794.36,FALSE,Weekday,462.47,0.22
533,2/28/2020 14:14:43,41.86,75.55,553.7,TRUE,Weekday,417.75,0.6
534,5/29/2022 13:11:37,-14.3,25.35,874.25,FALSE,Holiday,971.58,0.46
535,12/25/2021 23:49:13,22.41,62.99,133.3,TRUE,Holiday,878.12,0.49
536,8/25/2021 01:47:37,30.56,70.24,1.62,TRUE,Holiday,339.05,0.94
537,4/26/2022 09:21:43,8.9,99.44,850.99,FALSE,Holiday,113.36,0.65
538,04-02-2021 06:14,-19.44,63.09,833.33,TRUE,Weekend,422.79,0.57
539,11/18/2021 15:10:22,-45.7,43.81,151.33,FALSE,Weekday,651.75,0.53
540,10/27/2022 20:32:44,-41.78,43.68,913.34,TRUE,Holiday,853.14,0.71
541,12-08-2022 22:03,-18.97,31.29,601.44,FALSE,Holiday,684.08,0.34
542,02-08-2021 07:22,2.05,53.37,24.62,TRUE,Holiday,202.08,0.85
543,12-03-2021 21:11,20.49,56.86,62.18,TRUE,Weekend,701.92,0.11
544,1/20/2022 15:34:20,-0.53,74.21,147.54,TRUE,Weekday,873.79,0.33
545,4/27/2020 22:15:10,-13.57,7.67,686.86,TRUE,Holiday,809.13,0.17
546,02-07-2020 13:05,21.84,97.12,59.61,TRUE,Weekend,120.22,0.87
547,12/23/2021 08:35:40,-19.48,49.91,563.67,FALSE,Weekend,897.78,0.11
548,9/16/2021 13:46:06,-32.03,63.54,756.7,FALSE,Weekday,111.44,0.52
549,8/19/2022 15:56:28,35.2,1.14,332.19,TRUE,Weekday,75.87,0.61
550,3/26/2020 02:17:44,-40.74,20,135.32,TRUE,Weekend,374.2,0.53
551,06-06-2020 00:00,42.57,12.4,906.33,FALSE,Holiday,300.5,0.62
552,12-01-2020 10:30,-5.65,78.12,471.32,FALSE,Holiday,479.67,0.06
553,10/22/2020 12:38:12,-29.53,73.13,471.32,TRUE,Weekday,72.91,0.74
554,12/14/2021 05:07:22,17.87,1.66,460.27,FALSE,Weekday,156.12,0.68
555,10-07-2021 04:17,-48.39,7.97,928.84,FALSE,Weekday,302.83,0.73
556,7/27/2021 09:25:46,-14.71,11.06,34.12,FALSE,Weekend,857.94,0.59
557,8/26/2022 12:54:33,26.77,60.66,623.91,FALSE,Holiday,797.39,0.58
558,9/21/2020 14:36:40,7.09,59.69,607.21,FALSE,Weekend,408,0.5
559,1/23/2022 01:46:37,-35.79,87.79,220.99,FALSE,Holiday,814.51,0.93
560,11-01-2020 19:36,-43.7,96.03,990.36,TRUE,Weekday,335.81,0.55
561,8/29/2022 11:29:55,40.15,27.24,551.76,FALSE,Weekend,360.78,0.98
562,01-04-2022 04:24,-7.15,33.41,639.36,TRUE,Weekday,117.52,0.98
563,12/23/2021 21:37:21,-18.55,85.67,675.63,TRUE,Weekday,677.7,0.07
564,2/19/2022 14:53:31,-37.07,40.2,591.35,FALSE,Weekday,232.15,0.96
565,10-05-2020 21:20,-24.22,26.97,195.56,FALSE,Holiday,649.94,0.07
566,05-08-2022 17:03,-14.67,35.52,206.38,FALSE,Weekend,230.93,0.97
567,4/18/2021 07:00:14,-27.52,6.3,399.6,FALSE,Holiday,853.87,0.89
568,11-12-2022 06:57,-27.8,79.78,536.11,TRUE,Weekend,275.01,0.36
569,7/24/2021 14:35:41,35.75,78.85,587.93,TRUE,Weekend,856.65,0.52
570,2/27/2021 06:53:14,22.76,63.08,239.96,FALSE,Weekday,246.24,0.68
571,8/27/2022 12:17:39,20.98,4.12,448.45,TRUE,Weekend,900.16,0.96
572,05-09-2020 20:07,-49.05,85.45,219.36,FALSE,Weekday,866.31,0.83
573,05-09-2021 07:11,-7.66,67.49,194.71,TRUE,Holiday,343.5,0.29
574,7/25/2022 05:05:15,-1.39,0.42,641.41,TRUE,Holiday,828.1,0.79
575,08-05-2022 14:44,-1.6,95.15,672.32,FALSE,Holiday,67.98,0.62
576,3/29/2021 18:31:02,27.83,19.88,733.1,FALSE,Weekday,851.2,0.69
577,02-09-2021 13:13,13.09,54.48,155.23,TRUE,Holiday,59.41,0.63
578,12/19/2020 09:04:26,-38.61,84.05,653.08,FALSE,Weekday,467.35,0.35
579,10-03-2022 13:51,23.75,35.89,477.69,FALSE,Weekend,930.14,0.09
580,2/28/2022 22:39:32,-49.2,36.61,837.58,TRUE,Holiday,2.33,0.57
581,04-02-2020 04:27,26.11,45.3,509.12,TRUE,Weekday,845.18,0.11
582,11/15/2020 01:41:34,11.92,83.16,385.78,TRUE,Holiday,938.9,0.6
583,2/16/2021 01:41:08,35.36,26.9,868.73,TRUE,Weekday,40.33,0.26
584,9/20/2020 10:06:50,43.78,87.21,496.05,TRUE,Weekend,167.01,0.39
585,11/23/2022 17:57:06,-2.46,44.25,397.85,TRUE,Holiday,879.32,0.25
586,10-11-2020 23:29,-1.67,49.33,986.36,FALSE,Weekend,796.09,0.28
587,12/29/2022 13:22:19,6.63,47.54,940.75,TRUE,Holiday,900.66,0.57
588,4/23/2020 05:22:49,-20.66,30.28,33.56,FALSE,Weekday,5.63,0.71
589,10/28/2022 17:48:41,35.32,70.67,407.92,FALSE,Weekday,122.38,0.86
590,1/15/2022 15:02:53,-15.09,51.42,433.65,FALSE,Holiday,440.56,0.97
591,08-04-2022 09:55,-42.84,38.05,245.47,FALSE,Weekday,236.66,0.64
592,12/30/2022 15:55:45,19.44,52.13,430.71,TRUE,Weekend,73.04,0.22
593,09-05-2020 11:07,33.12,78.62,959.66,TRUE,Holiday,920.06,0.23
594,11/20/2021 20:39:49,-23.4,32.25,697.59,FALSE,Holiday,443.43,0.22
595,11/29/2020 10:48:02,-31.58,64.41,237.61,TRUE,Weekend,554.21,0.15
596,08-06-2022 01:09,44.28,20.93,789.96,TRUE,Weekday,332.37,0.8
597,2/13/2020 09:30:55,34.38,34.98,785.17,TRUE,Weekday,453.89,0.73
598,10-10-2020 17:59,11.25,72.66,613.54,FALSE,Holiday,252.03,0.35
599,4/17/2020 21:49:41,-2.29,64.09,99.08,FALSE,Weekday,680.06,0.95
600,1/23/2020 13:52:18,29.4,43.8,645.29,TRUE,Weekday,242.01,0.98
601,3/28/2020 06:02:54,-30.19,89.58,175.13,FALSE,Weekend,887.61,0.08
602,07-03-2020 21:51,46.18,75.47,39.54,FALSE,Weekday,787.83,0.71
603,6/24/2022 06:30:58,-21.42,87.15,230.53,TRUE,Holiday,628.92,0.57
604,10-08-2021 04:01,15.22,70.61,406.6,FALSE,Weekday,578.51,0.99
605,8/29/2022 06:07:35,-38.09,94.17,533.68,FALSE,Weekday,609.39,0.45
606,02-04-2022 12:12,1.05,80.2,499.38,TRUE,Holiday,846.2,0.86
607,4/26/2022 05:39:25,3.62,44.29,673.49,TRUE,Weekday,475.82,0.82
608,01-10-2020 11:09,-28.99,98.96,372.06,TRUE,Weekday,529.64,0.99
609,8/21/2022 00:09:06,34.42,10.86,496.54,TRUE,Holiday,784.17,0.27
610,10-02-2021 10:27,11.18,13.72,229.52,TRUE,Holiday,747.87,0.06
611,08-02-2020 10:27,7.65,2.13,249.95,TRUE,Holiday,72.68,0.9
612,11-04-2020 22:06,6.51,29.57,91.62,TRUE,Weekday,245.5,0.04
613,1/19/2020 21:37:19,9.07,69.09,869.8,FALSE,Weekday,224.28,0.72
614,05-07-2021 07:46,33.26,66.6,910.51,FALSE,Weekend,568.67,0.72
615,11/28/2020 00:43:25,46.3,57.44,297.19,FALSE,Weekend,623.72,0.87
616,5/24/2020 01:22:52,-23.02,66.14,993.79,TRUE,Weekend,894.89,0.65
617,2/16/2020 05:06:20,37.76,48.44,385.52,FALSE,Holiday,344.18,0.98
618,1/25/2020 10:39:37,1.67,85.55,154.07,FALSE,Holiday,573.47,0.59
619,02-02-2020 14:07,47.04,82.74,270.92,TRUE,Holiday,942.15,0.21
620,08-05-2022 12:27,28.01,46.07,989.33,TRUE,Holiday,292.85,0.17
621,02-02-2022 12:38,-3.39,11.86,738.64,TRUE,Weekend,294.56,0.23
622,11/15/2021 07:28:13,17.66,69.3,812.99,FALSE,Weekend,885.23,0.53
623,6/22/2022 15:21:55,-49.98,7.6,211.81,TRUE,Weekday,591.94,0.38
624,05-11-2020 19:29,-21.83,87.72,679.11,TRUE,Weekday,783.56,0.66
625,10-06-2020 07:02,44.12,22.84,682.82,FALSE,Weekend,870.83,0.79
626,12/18/2020 05:23:42,27.41,91.99,984,TRUE,Weekday,366.95,0.69
627,1/28/2022 23:57:55,2.93,40.79,342.7,TRUE,Weekday,134.25,0.33
628,02-12-2020 11:57,49.47,30.99,819.41,TRUE,Holiday,566.45,0.49
629,9/13/2021 01:32:49,-46.41,40.12,129.81,FALSE,Weekday,423.47,0.99
630,2/26/2022 16:26:56,-33.37,71.48,283.25,TRUE,Holiday,793.05,0.64
631,03-05-2021 08:44,45.58,28.92,545.05,TRUE,Holiday,69.74,0.42
632,5/21/2020 16:13:48,40.34,77.7,316.07,TRUE,Weekend,942.31,0.94
633,5/13/2021 03:42:55,-18.58,19.23,909.56,FALSE,Weekend,419.28,0.74
634,12-04-2022 13:59,46.27,99.87,331.69,TRUE,Weekend,871.23,0.98
635,8/23/2021 20:29:47,-14.3,65.81,177.52,FALSE,Weekend,693.34,0.12
636,01-02-2021 08:15,1.27,11.34,435.65,FALSE,Weekday,732.21,0.83
637,10/27/2022 22:19:43,47.98,14.16,147.43,TRUE,Weekend,164.98,0.8
638,9/18/2020 07:36:55,17.61,93.98,812.62,FALSE,Weekday,445.65,0.76
639,07-12-2021 19:46,-13.13,31.65,993.29,FALSE,Weekday,559.71,0.98
640,11/29/2020 22:24:15,49.8,36.94,371.62,FALSE,Weekend,400.75,0.86
641,01-02-2021 19:16,20.82,78.71,767.03,TRUE,Holiday,205.19,0.69
642,07-10-2021 13:42,-28.94,38.95,899.53,FALSE,Weekend,796.07,0.3
643,9/16/2022 06:52:50,-8.96,78.22,50.97,TRUE,Weekend,136.04,0
644,01-08-2020 13:20,-11.63,88.15,119.85,TRUE,Weekend,68.42,0.14
645,1/21/2020 23:08:29,15.22,58.85,676.72,FALSE,Holiday,357.71,0.24
646,5/18/2020 00:32:00,-46.76,74.39,828.62,FALSE,Weekday,124.5,0.88
647,09-10-2021 10:27,-1.2,56.52,886.82,TRUE,Weekday,887.74,0.94
648,11-01-2022 03:44,22.59,55.68,848.1,FALSE,Weekend,627.89,0.38
649,7/19/2021 03:48:53,8.02,98.32,454.58,FALSE,Weekend,833.32,0.09
650,07-06-2022 12:55,-2.19,2.47,474.57,FALSE,Holiday,771.72,0.91
651,3/30/2022 16:45:15,-25.32,4.21,372.92,FALSE,Weekend,624.51,0.18
652,01-04-2022 16:59,-11,9.63,454.57,TRUE,Holiday,601.66,0.51
653,02-06-2021 08:37,-47.1,38.59,435.54,TRUE,Weekend,657.56,0.33
654,04-07-2022 20:10,-18.68,22.97,600.68,FALSE,Holiday,992.79,0.62
655,11-11-2021 09:06,1.9,69.57,271.85,TRUE,Weekend,754.6,0.07
656,1/31/2022 23:48:07,-8.37,39.42,754.37,TRUE,Weekend,568.73,0.77
657,11/15/2020 20:05:17,-40.35,87.62,818.58,FALSE,Weekend,820.04,0.14
658,04-04-2022 07:35,-17.93,78.76,702.09,TRUE,Weekday,167.82,0.14
659,9/24/2022 20:52:44,-45.74,59,634.8,FALSE,Weekday,844.45,0.58
660,8/25/2021 17:16:12,3.6,89.46,538.02,FALSE,Weekday,758.3,0.92
661,7/20/2020 04:26:27,-32.24,57.19,799.57,FALSE,Weekend,281.56,0.86
662,09-09-2020 09:57,-30.39,46.32,560.12,TRUE,Weekend,618.13,0.03
663,9/29/2022 08:50:47,28.83,28.05,985.49,FALSE,Weekend,570.51,0.34
664,11-03-2020 11:02,-37.17,10.78,955.04,TRUE,Weekday,613.07,0.67
665,8/17/2020 04:44:34,-6.75,35.3,732.63,FALSE,Holiday,6.6,0.49
666,04-05-2021 09:26,19.37,0.44,568.84,FALSE,Weekend,947.64,0.8
667,04-05-2020 14:53,17.83,99.73,212.77,TRUE,Holiday,261.54,0.94
668,1/31/2021 07:33:33,6.5,36.3,522.04,FALSE,Weekday,459.82,0.51
669,05-08-2020 21:55,-30.31,81.62,758.61,FALSE,Weekend,746.62,0.39
670,2/24/2022 10:43:07,13.45,55.79,224.8,FALSE,Weekday,476,0.01
671,4/23/2022 13:37:07,20.58,28.09,272.61,TRUE,Weekday,829.3,0.15
672,02-02-2021 22:32,22.25,35.62,76.78,FALSE,Holiday,625.59,0.01
673,1/14/2022 03:04:39,12,90.38,577.08,TRUE,Weekend,951.53,0.35
674,2/18/2022 00:58:19,40.41,43.89,767.78,FALSE,Weekend,576.23,0.22
675,8/30/2022 05:13:08,-16.64,8.54,44.24,TRUE,Holiday,675.1,0.33
676,9/20/2022 10:10:17,-40.03,66.98,816.8,FALSE,Weekend,623.53,0.67
677,2/17/2020 06:32:30,-11.16,41.3,692.01,FALSE,Weekday,888.23,0.02
678,6/14/2022 01:37:28,-36.04,21.65,304.1,FALSE,Weekday,238.2,0.48
679,7/20/2021 21:09:13,35.19,77.37,528.62,FALSE,Weekend,649.29,0.16
680,4/22/2020 18:52:29,11.17,2.66,868.08,FALSE,Weekend,156.03,0.23
681,07-12-2022 01:24,-2.93,82.12,48.76,TRUE,Holiday,427.33,0.63
682,04-12-2021 01:51,-31.65,6.38,383.4,TRUE,Weekday,876.04,0.03
683,2/25/2021 15:12:53,10.74,37.31,581.53,FALSE,Holiday,581.78,0.06
684,11-02-2022 10:11,-44.46,0.46,142.1,TRUE,Weekend,161.41,0.15
685,05-06-2020 01:19,-0.33,17.98,851.3,FALSE,Weekend,147.58,0.32
686,04-01-2021 05:49,-25.34,94.78,809.57,TRUE,Weekday,246.78,0.42
687,02-11-2022 21:41,42.76,93.78,863.92,FALSE,Holiday,48.51,0.29
688,11-03-2021 19:04,-42.82,89.83,559.64,FALSE,Weekday,874.16,0.8
689,11/29/2021 07:47:50,16.13,50.01,400.04,FALSE,Holiday,595.9,0.34
690,6/27/2021 19:29:25,-36.76,70.1,992.53,TRUE,Weekday,174.96,0.92
691,8/17/2020 19:38:31,-2.17,86.84,571.59,TRUE,Weekend,571.36,0.26
692,11-11-2020 17:43,-38.98,21.87,895.21,FALSE,Holiday,177.92,0.71
693,10/23/2022 14:25:49,-43.88,48.6,867.82,FALSE,Weekday,887.07,0.08
694,7/20/2022 23:22:04,33.82,12.59,751.36,TRUE,Weekday,937.33,0.49
695,10/26/2020 13:57:02,-0.55,17.63,275.21,FALSE,Holiday,691.68,0.51
696,12/20/2022 23:54:45,9.25,16.26,576.8,FALSE,Weekend,473.15,0.27
697,12/29/2021 02:52:09,-13.41,50.16,731.07,TRUE,Weekday,510.98,0.89
698,04-12-2021 07:14,-37.6,2.89,16,TRUE,Holiday,185.36,0.64
699,11/24/2020 14:10:27,-11.63,5.34,462.29,TRUE,Holiday,414.51,0.16
700,05-02-2022 10:18,43.42,92.32,833.59,FALSE,Holiday,22.66,0.65
701,07-01-2022 00:25,-3.11,89.28,754.12,FALSE,Holiday,819.94,0.58
702,1/14/2021 19:35:20,30.19,62.28,845.02,FALSE,Holiday,869.6,0.19
703,2/13/2020 00:08:09,9.83,55.11,879.23,FALSE,Weekend,472.28,0.5
704,12/24/2022 02:46:40,-29.02,77.88,261.62,TRUE,Holiday,506.18,0.53
705,10/15/2021 08:56:15,38.53,4.11,588.15,FALSE,Holiday,901.5,0.6
706,12-11-2021 23:39,3.13,53.04,545.51,TRUE,Weekend,879.43,0.09
707,10/25/2020 10:04:52,10.81,22.3,59.08,FALSE,Weekday,510.83,0.68
708,12/27/2020 08:56:33,-48.24,57.85,336.7,FALSE,Weekday,757.97,0.22
709,04-04-2021 20:28,27.81,19.85,623.58,FALSE,Weekday,324.25,0.77
710,08-07-2022 01:20,-49.86,66.75,370.99,TRUE,Weekend,535.57,0.13
711,5/20/2021 10:43:42,5.06,10.2,496.43,TRUE,Weekday,246.67,0.94
712,5/26/2022 16:35:23,3.4,28.53,834.97,TRUE,Holiday,265.24,0.73
713,02-03-2020 20:57,-5.26,51.11,840.63,TRUE,Weekday,976.49,0.25
714,05-06-2020 09:51,15.8,96.43,462.77,TRUE,Weekday,450.38,0.8
715,11/21/2021 13:52:52,16.2,94.62,375.25,FALSE,Weekday,412.43,0.42
716,2/18/2021 11:09:16,-10.33,1.79,169.19,FALSE,Weekday,480.36,0.33
717,9/22/2022 00:53:36,-38.37,18.04,380.96,FALSE,Holiday,794.35,0.7
718,11-05-2020 19:53,7.03,96.14,40.25,FALSE,Holiday,296.55,0.29
719,12-10-2022 02:09,-36.43,45.11,663.17,FALSE,Weekend,551.61,0.91
720,05-09-2021 13:47,18.11,56.53,344.09,TRUE,Weekend,932.95,0.47
721,3/27/2022 15:58:36,26.19,57.58,660.93,TRUE,Holiday,969.82,0.59
722,03-07-2022 14:39,-7.6,96.8,589.66,FALSE,Holiday,966.02,0.15
723,1/27/2020 19:10:06,-39.97,52.27,138.06,FALSE,Weekend,739.08,0.34
724,11-10-2020 06:30,-36.07,86.89,300.97,FALSE,Weekday,143.81,0.95
725,5/22/2020 17:12:14,22.97,33.28,343.06,FALSE,Weekend,990.74,0.51
726,12-02-2021 23:39,-8.24,45.78,292.01,FALSE,Weekday,126.77,0.43
727,9/29/2021 21:25:21,6.42,59.67,708.59,TRUE,Weekend,844.55,0.39
728,03-01-2022 09:56,-17.93,42.72,874.77,FALSE,Weekend,100.7,0.65
729,12-02-2021 15:56,-23.28,15.82,568.28,FALSE,Weekend,875.79,0.69
730,9/29/2022 11:58:21,-46.3,5.32,279.69,TRUE,Weekend,660.53,0.84
731,6/29/2022 17:55:40,5.64,34.41,583.61,FALSE,Weekend,804.1,0.97
732,9/24/2021 17:41:37,10.81,10.8,124.44,FALSE,Holiday,410.66,0.86
733,05-07-2020 13:42,1.38,68.61,776.51,TRUE,Weekend,888.75,0.15
734,1/23/2022 13:17:50,7.33,52.69,284.7,TRUE,Holiday,342.11,0.32
735,12/13/2021 21:31:57,-14.61,10.72,293.34,FALSE,Weekday,110.22,0.33
736,5/20/2020 21:52:08,27.77,26.68,59.2,FALSE,Weekday,577.83,0.06
737,5/20/2020 02:23:09,-14.35,49.95,360.8,FALSE,Holiday,333.78,0.17
738,03-05-2022 00:15,38.4,65.57,197.37,FALSE,Weekday,154.77,0.03
739,12-11-2020 00:26,-7.48,8.21,839.7,TRUE,Weekend,772.63,0.74
740,2/17/2020 12:24:08,29.13,52.39,483.96,FALSE,Holiday,9.17,0.23
741,12/29/2022 11:13:51,13.16,27.52,529.71,TRUE,Weekday,587.1,0.72
742,11/29/2021 11:15:55,-37.08,31.04,721.67,TRUE,Weekday,442.06,0.18
743,5/18/2022 00:20:00,17.41,78.38,595.19,FALSE,Holiday,738.72,0.52
744,12-03-2022 08:44,-27.7,44.99,705,FALSE,Weekend,730.91,0.18
745,10/31/2020 10:32:08,-31.11,44.82,180.28,TRUE,Weekday,691.96,0.76
746,01-08-2022 23:54,13.86,92.01,961.98,TRUE,Weekend,326.57,0.1
747,10/24/2021 12:55:47,-8.68,80.62,82.04,FALSE,Weekend,339.76,0.02
748,11/26/2022 11:01:12,31.05,96.74,534.61,FALSE,Holiday,877.98,0.54
749,8/17/2022 09:44:36,12.22,43,747.57,FALSE,Holiday,730.7,0.45
750,10/24/2022 12:56:23,29.26,0.77,876.25,TRUE,Holiday,460.81,0.25
751,09-07-2020 13:32,38.89,45.22,513.94,TRUE,Weekday,877.44,0.2
752,5/17/2022 21:58:52,3.81,42.31,422.17,FALSE,Weekday,283.71,0.34
753,12-08-2021 20:56,-10.5,0.87,501.58,FALSE,Weekday,312.24,0.97
754,7/20/2022 20:57:19,-41.99,54.32,440.03,TRUE,Holiday,708.95,0.51
755,9/27/2021 15:42:14,46.02,55.18,591.37,TRUE,Holiday,61.34,0.69
756,8/29/2020 10:08:14,-42.76,41.03,406.68,TRUE,Holiday,309.28,0.66
757,9/23/2022 18:59:55,24.1,72.5,843.13,TRUE,Weekday,280.07,0.72
758,01-09-2021 10:59,-17.74,69.92,152.77,FALSE,Weekday,889.1,0.06
759,04-12-2020 06:13,-33.99,93.97,787.91,FALSE,Weekend,153.65,0.83
760,05-08-2022 20:10,-24.67,39.37,108.08,TRUE,Weekend,604.18,0.34
761,02-08-2022 18:41,-31.82,82.71,89.47,TRUE,Weekend,713.15,0.47
762,11/29/2021 00:56:30,18.04,23.1,892.29,FALSE,Weekend,181.47,0.38
763,2/21/2021 22:46:55,-24.03,87.89,638.67,FALSE,Holiday,530.84,0.6
764,12/13/2021 06:20:09,-27.56,52.61,486.47,FALSE,Weekday,372.43,0.27
765,07-09-2020 23:56,-47.19,34.76,496.01,TRUE,Weekend,1.24,0.83
766,8/20/2021 22:44:37,0.42,14,390.5,FALSE,Weekend,773.15,0.51
767,1/15/2020 08:54:34,6.63,60.15,333.84,FALSE,Holiday,506.17,0.44
768,05-04-2021 01:21,-17.37,20.38,289.09,FALSE,Weekday,132.97,0.08
769,03-03-2021 09:20,-8.9,69.25,975.2,TRUE,Weekday,854.48,0.22
770,4/21/2022 18:03:32,-38.15,80.61,606.81,FALSE,Weekday,571.97,0.87
771,08-06-2021 13:58,-2.33,90.16,927.76,TRUE,Weekday,234.87,0.49
772,4/19/2020 18:11:01,-13.54,47.34,578.35,TRUE,Holiday,525.16,0.44
773,07-11-2022 19:04,39.24,53.77,669.51,FALSE,Weekday,916.79,0.29
774,11/23/2020 06:36:10,25.58,33.58,790.02,FALSE,Weekend,789.99,0.69
775,08-03-2021 04:01,-12.33,2.91,31.43,TRUE,Weekend,852.76,0.32
776,09-04-2022 06:08,13.08,72.21,406.25,TRUE,Weekend,539.08,0.29
777,1/29/2020 19:57:44,-41.11,57.88,420.92,TRUE,Weekday,984.75,0.58
778,1/16/2020 05:53:23,-14.12,25.4,659.45,TRUE,Holiday,776.15,0.26
779,5/21/2021 04:25:29,-22.71,85.51,105.64,TRUE,Weekday,21.12,0
780,06-10-2021 07:49,-9.23,75.86,322.35,FALSE,Weekday,974.52,0.69
781,01-06-2022 17:10,12.78,31.34,369.67,TRUE,Weekday,984.83,0.64
782,9/23/2022 01:58:42,-2.49,2.12,633.9,TRUE,Weekend,70.17,0.85
783,2/17/2020 17:17:33,49.58,61.24,38.61,TRUE,Weekday,443.04,0.69
784,10/30/2021 10:53:33,38.73,19.72,669.6,FALSE,Holiday,339.05,0.84
785,3/22/2022 05:36:30,-15.61,85.14,816.55,FALSE,Weekday,301.18,0.33
786,09-06-2020 01:50,-7.17,48.82,33.79,FALSE,Weekday,349.3,0.16
787,03-04-2021 23:21,-3.85,96.84,225.19,FALSE,Weekend,140.63,0.42
788,11-05-2022 01:08,-43.22,54,730.06,FALSE,Weekday,372.51,0.18
789,1/13/2020 18:50:46,-28.09,68.06,474.04,FALSE,Weekday,141.37,0.64
790,7/31/2020 01:43:53,31.95,89.84,663.68,TRUE,Weekday,696.75,0.96
791,9/24/2022 06:04:41,29.56,99.3,638.85,FALSE,Weekend,610.03,0.6
792,04-05-2022 20:13,16.27,34.29,925.27,TRUE,Weekday,576.69,0.65
793,12/15/2021 01:16:49,18.95,28.93,571.12,FALSE,Holiday,509.63,0.94
794,11/29/2022 13:39:11,-19.56,96.67,608.48,TRUE,Holiday,706.77,0.94
795,6/30/2021 14:38:08,-29.19,87.75,42.98,FALSE,Holiday,650.23,0.22
796,5/31/2020 08:23:38,-32.58,25.24,462.21,TRUE,Holiday,335.23,0.22
797,09-02-2020 06:56,42.77,4.78,870.37,TRUE,Weekend,974.64,0.79
798,4/25/2022 05:04:11,15.64,84.57,322.96,FALSE,Holiday,643.99,0.67
799,08-02-2022 11:45,25.49,99.16,495.76,FALSE,Weekday,592.9,0.41
800,03-06-2022 21:56,-7.49,12.31,555.99,FALSE,Weekday,165.44,0.21
801,10-10-2021 11:08,-3.33,22.27,944.55,TRUE,Holiday,355.59,0.74
802,1/15/2021 19:46:45,-16.18,93.97,402.99,FALSE,Weekend,536.41,0.42
803,11/15/2021 03:57:34,-21.61,35.92,371.01,TRUE,Weekend,600.69,0.87
804,6/16/2022 09:51:55,-37.31,47.32,657.3,FALSE,Weekend,333.76,0.88
805,04-12-2020 17:31,-32.8,33.16,956.83,TRUE,Holiday,955.2,0.31
806,6/18/2022 10:35:50,-3.52,80.48,762.62,FALSE,Weekday,175.09,0
807,09-01-2022 16:56,32.27,91,591.17,TRUE,Weekend,199.38,0.93
808,08-04-2020 07:17,-14.8,87.97,748.29,FALSE,Weekend,641.66,0.84
809,8/27/2020 20:31:59,21.69,12.71,71.71,TRUE,Weekend,895.42,0.06
810,04-12-2020 12:20,9.03,49.49,131.3,TRUE,Weekend,78.25,0.6
811,2/16/2022 13:07:13,-47.05,27.77,765.63,FALSE,Weekend,618.99,0.89
812,08-10-2022 01:10,48.24,28.11,355.86,TRUE,Weekday,453.86,0.92
813,11-01-2021 06:18,7.1,28.9,797.11,FALSE,Holiday,459.45,0.68
814,3/28/2020 14:21:00,-31.68,57.2,265.57,TRUE,Weekend,104.51,0.71
815,11/24/2020 18:14:15,-27.38,53.15,258.94,TRUE,Weekday,260.44,0.19
816,06-09-2022 15:41,-23.59,99.23,203.12,TRUE,Weekend,167.95,0.58
817,02-11-2020 08:02,-6.6,5.54,826.4,TRUE,Weekday,563.59,0.86
818,6/29/2021 04:15:59,-19.94,97.89,176,FALSE,Weekend,230.05,0.03
819,10/18/2020 05:58:38,45.38,23.25,349.43,TRUE,Weekend,774.09,0.16
820,06-11-2021 16:57,48.06,7.39,892.56,FALSE,Holiday,147.6,0.79
821,12/24/2021 03:26:28,-7.12,80.91,127.86,TRUE,Weekend,275.99,0.4
822,09-05-2021 22:06,28.64,26.43,478.59,TRUE,Weekday,738.51,0.82
823,5/13/2022 10:23:52,49.55,57.68,926.64,TRUE,Holiday,647.95,0.91
824,12/18/2021 10:18:16,18.8,8.48,950.25,FALSE,Weekday,44.09,0.99
825,11/27/2020 07:42:09,32.74,51.2,512.19,TRUE,Weekend,627.2,0.66
826,12/15/2020 17:08:34,-39.53,4.29,388.83,TRUE,Holiday,221.33,0.62
827,3/24/2022 09:32:35,16.49,73.11,714.93,FALSE,Weekday,746.22,0.97
828,8/21/2021 09:47:06,-40.01,79.48,792.24,FALSE,Weekend,949.82,0.92
829,09-11-2021 21:19,36.52,44.21,9.85,TRUE,Holiday,990.75,0.5
830,8/29/2020 09:44:06,10.28,45.74,354.13,TRUE,Weekend,799.11,0.78
831,3/25/2020 15:44:03,-1.76,46.83,980.32,FALSE,Weekday,611.15,0.6
832,01-06-2022 02:53,39.42,70.5,90.53,TRUE,Weekday,267.04,0.69
833,10/30/2022 23:19:51,-45.47,55.63,848.81,FALSE,Weekend,235.91,0.42
834,08-07-2022 14:50,-21.35,23.81,883.64,TRUE,Holiday,244.77,0.68
835,1/18/2021 08:56:07,24.34,20.77,454.25,FALSE,Holiday,297.59,0.81
836,07-09-2021 22:11,-4.01,15.75,988.92,TRUE,Weekday,11.12,0.03
837,12-02-2022 00:33,37.3,17.9,568.7,TRUE,Weekend,512.12,0.44
838,6/29/2021 11:39:21,-13.47,13.36,437.38,TRUE,Weekend,297.24,0.61
839,09-03-2022 21:55,4.38,74.1,576.29,FALSE,Holiday,906.25,0.43
840,12/15/2021 01:13:23,-35.27,75.42,331.03,TRUE,Weekday,307.89,0.45
841,03-12-2022 11:46,-3.26,92.42,426.07,FALSE,Weekday,175.16,0.15
842,12/29/2021 19:21:17,-17.19,90.84,455.89,TRUE,Weekend,449.23,0.7
843,10-02-2022 10:58,39.62,76.44,6.47,FALSE,Holiday,994.88,0.49
844,10-07-2022 09:48,17.98,35.78,812,TRUE,Holiday,867.17,0.16
845,10/18/2020 00:19:54,15.65,57.7,503.16,TRUE,Weekend,100,0.83
846,08-04-2021 09:45,46.29,42.55,178.12,FALSE,Weekend,617.94,0.7
847,08-11-2022 04:58,-48.27,60.23,584.59,FALSE,Weekday,481.34,0.12
848,8/23/2022 09:00:53,10.74,18.95,292.19,TRUE,Weekday,128.02,0.43
849,2/16/2020 16:37:41,3.54,49.8,170.31,TRUE,Weekend,352.92,0.93
850,1/24/2020 13:00:30,24.26,2.27,254.72,FALSE,Weekend,511.57,0.11
851,10/20/2021 11:31:17,-38.18,34.13,681.64,TRUE,Weekday,155.18,0.93
852,12/27/2021 14:01:32,24.1,83.13,907.42,TRUE,Holiday,641.21,0.93
853,12/13/2020 03:44:17,16.05,6.98,881.56,FALSE,Weekday,766.09,0.45
854,8/24/2021 05:34:49,-8.53,14.98,698.6,FALSE,Holiday,314.34,0.82
855,3/20/2020 16:42:30,13.23,50.25,253.77,TRUE,Weekday,62.33,0.93
856,4/21/2022 20:59:11,-19.75,24.38,56.08,TRUE,Weekday,243.79,0.02
857,9/13/2021 07:54:24,-14.77,86.47,786.91,FALSE,Weekend,480.67,0.82
858,06-12-2021 18:56,-33.2,70.25,690.55,TRUE,Holiday,191.13,0.28
859,6/23/2020 10:11:33,16.88,56.95,397.87,TRUE,Weekday,29.43,0.88
860,10/26/2020 03:47:08,-44.38,16.52,658.76,TRUE,Weekday,577.71,0.64
861,9/16/2022 23:13:39,-7.51,7.37,187.44,TRUE,Weekday,706.58,0.8
862,08-05-2021 22:15,27.19,82.73,801.94,FALSE,Weekday,70.94,0.51
863,2/23/2022 00:19:44,-1.43,43.93,246.61,TRUE,Weekend,555.64,0.62
864,2/16/2021 14:13:37,0.04,51.2,96.42,TRUE,Weekday,405.48,0.68
865,8/13/2022 13:14:05,-4.7,45.72,11.83,FALSE,Weekend,881.08,0.49
866,7/21/2021 20:48:36,-45.03,20.21,107.13,TRUE,Weekend,434.52,0.57
867,11/17/2020 02:43:59,7.74,99.73,521.31,FALSE,Weekday,599.28,0.39
868,5/19/2020 10:21:50,-34.08,73.99,275.2,FALSE,Weekday,166.46,0.48
869,11/16/2022 11:07:46,35.62,74.46,795.3,FALSE,Weekday,635.7,0.95
870,11/26/2020 18:24:31,32.4,84.58,341.75,TRUE,Holiday,895.48,0.84
871,10-02-2020 08:14,-23.23,51.33,413.59,TRUE,Weekend,591.98,0.91
872,8/15/2020 15:32:18,6.54,98.03,139.57,FALSE,Weekend,231.54,0.85
873,12-06-2021 07:08,22.88,12.88,79.68,TRUE,Weekend,874.45,0.56
874,04-03-2022 01:05,-21.86,20.72,999.8,TRUE,Weekend,518.31,0.43
875,5/17/2022 11:05:25,-28.4,84.94,991.39,TRUE,Weekend,664.63,0.43
876,09-12-2022 16:53,17.02,94.11,429.89,FALSE,Holiday,439.83,0.49
877,4/13/2022 13:11:01,-13.29,72.57,736.93,FALSE,Weekday,141.64,0.11
878,8/29/2021 14:00:34,-15.04,63.75,641.13,TRUE,Weekday,749.03,0.52
879,5/14/2021 20:57:37,46.15,79.98,942.38,TRUE,Weekday,454.07,0.52
880,8/24/2021 00:50:52,-42.81,56.99,796.61,FALSE,Weekend,474.94,0.38
881,12-06-2021 00:28,16.49,42.11,486.12,FALSE,Weekend,451.18,0.45
882,10-05-2021 08:18,-41.42,68.99,639.67,TRUE,Holiday,442.33,0.26
883,12/22/2022 09:27:25,40.22,53.15,455.84,TRUE,Holiday,346.94,0.37
884,2/14/2021 08:44:12,-39.2,42.86,991,FALSE,Holiday,623.26,0.29
885,2/21/2022 16:11:28,1.03,75.75,623.61,TRUE,Weekend,721.44,0.34
886,08-10-2021 08:22,-43.18,60,350.08,FALSE,Weekday,217.2,0.24
887,9/20/2020 09:34:56,-13.7,14.74,494.44,TRUE,Holiday,490.67,0.07
888,6/25/2021 16:00:07,35.19,46.77,874.62,FALSE,Holiday,287.68,0.36
889,04-01-2020 23:11,-21.44,59.69,214.75,TRUE,Weekday,758.29,0.48
890,12-03-2020 03:29,30.52,60.75,113.48,TRUE,Weekend,549.83,0.92
891,06-05-2022 11:27,-35.96,49.78,260.96,FALSE,Weekday,674.33,0.54
892,9/25/2021 03:09:10,11.68,93.23,791.36,FALSE,Weekend,438.99,0.89
893,9/13/2022 03:09:58,37.8,5.4,758.49,FALSE,Weekend,910.24,0.64
894,09-09-2022 13:25,-32.02,12.25,772.37,TRUE,Holiday,890.21,0.82
895,10/27/2021 17:25:08,28.58,69.21,963.99,FALSE,Holiday,618.3,0.22
896,07-12-2020 21:36,-6.98,26.01,952.4,FALSE,Weekend,420.47,0.53
897,05-11-2022 06:50,9.98,11.99,33.97,TRUE,Holiday,721.1,0.14
898,05-09-2020 15:27,-45.36,48.99,525.82,FALSE,Weekday,353.3,0.64
899,07-08-2021 11:24,5.24,56.87,439.44,FALSE,Weekend,90.39,0.26
900,11/15/2020 10:02:19,11.84,34.44,67.9,FALSE,Holiday,412.2,0.34
901,1/23/2022 17:55:19,17.72,65.5,732.75,FALSE,Holiday,353.17,0.41
902,06-10-2022 05:37,9.33,49.62,634.36,TRUE,Weekday,707.54,0.48
903,6/23/2020 00:21:09,0.09,23.72,59.16,FALSE,Weekend,436.63,0.09
904,5/28/2020 08:17:36,-6.69,41.18,636.98,TRUE,Weekend,684.94,0.57
905,10/28/2022 08:41:20,30.1,98.89,500.97,FALSE,Weekend,14.99,0.46
906,5/31/2020 13:39:08,30.53,84.77,5.97,TRUE,Weekend,683.49,0.8
907,11-05-2021 21:25,22.17,14.18,419.69,FALSE,Holiday,24.93,0.76
908,12/31/2020 16:52:52,-24.68,22.35,327.2,FALSE,Holiday,243.45,0.51
909,12/28/2022 04:01:38,39.04,23.27,947.87,TRUE,Holiday,902.6,0.89
910,11-12-2020 15:40,31.53,72.49,481.24,FALSE,Weekday,433.14,0.23
911,10/14/2021 11:14:17,5.27,52.34,896.63,TRUE,Weekday,566.7,0.63
912,10/26/2022 23:48:41,20.72,35.73,69.47,TRUE,Holiday,358.13,0.6
913,8/31/2021 07:11:25,-3.18,63.94,934.78,TRUE,Holiday,282.29,0.36
914,3/19/2020 05:42:55,22.53,59,412.42,FALSE,Holiday,474.83,0.87
915,7/14/2020 16:45:07,-29.83,81.44,225.53,FALSE,Weekday,887.82,0.88
916,11-05-2020 19:51,-35.15,52.56,6.21,FALSE,Weekend,970.64,0.12
917,12-11-2021 06:11,-47.85,92.53,937.74,FALSE,Weekend,981.09,0.68
918,5/20/2021 00:59:50,-36.74,0.44,265.13,TRUE,Weekend,140.68,0.89
919,5/23/2022 06:55:49,43.99,52.73,570.27,FALSE,Holiday,686.48,0.04
920,09-10-2020 03:56,18.26,89.54,441.85,FALSE,Holiday,321.28,0.61
921,08-02-2020 12:33,-5.95,84.6,576.94,TRUE,Holiday,495.76,0.78
922,7/28/2022 13:13:49,34.3,5.36,457.04,FALSE,Weekend,102.86,0.35
923,07-01-2021 05:54,-10.35,31.77,650.47,TRUE,Weekend,480.43,0.09
924,8/27/2020 06:53:48,3.22,51.57,495.35,FALSE,Weekday,840.8,0.39
925,6/28/2022 23:25:24,-37.55,49.01,203.42,FALSE,Holiday,951.98,0.3
926,11/15/2020 01:35:11,-14.6,80.35,420.4,FALSE,Weekday,507.07,0
927,1/17/2022 01:32:14,-15.74,70.89,763.71,FALSE,Weekend,986.6,0.74
928,1/28/2020 07:07:57,16.29,45.17,882.02,TRUE,Holiday,543.57,0.95
929,3/22/2021 09:34:57,-34.4,16.66,329.22,TRUE,Weekend,941.46,0.71
930,2/18/2020 08:49:01,25.34,65.62,876.26,TRUE,Weekday,583.78,0.74
931,02-05-2020 11:03,-34.49,74.49,672.61,TRUE,Weekend,551.16,0.78
932,05-05-2021 01:21,-38.3,64.71,35.66,TRUE,Weekday,29.19,0.82
933,06-03-2020 12:16,1.15,53.04,162.97,TRUE,Weekday,427.19,0.71
934,04-07-2020 07:51,0.88,83.3,770.28,TRUE,Holiday,897.26,0.26
935,1/27/2020 12:18:39,-30.33,62.4,669.5,FALSE,Weekend,339.25,0.73
936,5/14/2020 19:00:31,-8.2,63.47,127.35,FALSE,Weekday,167.41,0.04
937,8/19/2020 07:36:25,-0.49,15.77,963.41,TRUE,Weekday,401.17,0.71
938,3/31/2022 14:31:30,-17.54,74.59,344.97,FALSE,Holiday,770.74,0.97
939,9/21/2022 13:06:49,-39.28,45.36,565.36,TRUE,Weekend,305.18,0.23
940,7/24/2020 20:28:27,-14.13,78.49,308.61,TRUE,Weekend,569.61,0.83
941,10/14/2021 02:41:10,31.9,55.08,431.81,FALSE,Weekend,895.98,0.75
942,4/23/2021 22:22:44,11.84,31.79,717.45,FALSE,Weekday,768.47,0.53
943,05-07-2020 21:27,-28.48,7.2,312.24,TRUE,Weekday,674.94,0.46
944,9/18/2021 18:58:12,5.73,85.96,52.83,FALSE,Holiday,332.69,0.66
945,4/22/2020 04:21:19,47.72,86.57,600.18,TRUE,Holiday,411.68,0.41
946,10/27/2021 18:17:51,-8.07,63.33,235,FALSE,Weekday,296.48,0.24
947,10-04-2020 07:13,-13.33,7.12,289.15,FALSE,Holiday,638.17,0.95
948,08-10-2021 21:10,38.94,63.94,31.94,FALSE,Holiday,322.6,0.31
949,07-03-2021 12:23,-14.12,74.28,543.54,TRUE,Weekend,678.74,0.88
950,9/24/2021 01:10:14,-20.57,39.59,484.11,TRUE,Weekday,220.32,0.75
951,02-04-2021 05:18,44.63,62.08,466.25,TRUE,Weekend,246.59,0.16
952,6/28/2021 23:05:45,-10.82,99.05,969.86,TRUE,Holiday,257.12,0.91
953,08-05-2021 07:59,-44.98,69.92,8.42,TRUE,Holiday,854.21,0.41
954,2/14/2022 22:24:48,-47.67,39.74,54.56,FALSE,Weekend,968.2,0.84
955,5/13/2022 18:25:34,42.26,97.71,153.75,TRUE,Weekend,796.91,0.99
956,12/30/2021 15:04:00,-30.07,68.36,882.55,FALSE,Weekend,37.39,0.51
957,5/17/2020 10:23:48,49.15,31.5,475.49,FALSE,Weekend,111.89,0.73
958,4/22/2022 13:13:27,9.63,63.19,129,FALSE,Holiday,166.02,0.94
959,10-11-2022 03:43,30.8,65.57,229.64,FALSE,Weekend,605.52,0.13
960,06-12-2022 17:30,-11.64,23.72,141.44,TRUE,Weekend,876.44,0.29
961,7/25/2022 08:52:05,-42.52,17.54,481.24,FALSE,Holiday,769.04,0.97
962,12-01-2020 01:20,-41.12,88.33,465.61,TRUE,Holiday,625.6,0.91
963,06-09-2020 03:01,15.61,48.29,229.76,TRUE,Weekend,4.27,0.31
964,03-08-2021 13:51,4.45,98.93,88.47,FALSE,Weekend,0.27,0.46
965,07-01-2021 16:31,47.62,92.21,968.05,FALSE,Weekday,79.05,0.63
966,3/18/2021 20:39:59,6.45,76.86,188.64,TRUE,Weekend,84.7,0.15
967,01-06-2020 23:12,27.83,39.48,547.92,FALSE,Holiday,60.71,0.39
968,03-07-2022 17:19,-36.7,23.5,46.27,TRUE,Weekday,359.49,0.52
969,5/17/2021 06:26:20,32.09,0.23,391.73,FALSE,Weekend,571.04,0.49
970,01-01-2020 16:58,40.13,0.6,207.39,FALSE,Weekday,125.3,0.31
971,5/21/2022 17:33:33,46.34,59.03,680.78,TRUE,Weekday,210.16,0.24
972,09-11-2020 11:52,-47.75,45.16,419.37,FALSE,Holiday,976.34,0.87
973,12-03-2021 14:38,-40.83,31.38,437.12,FALSE,Holiday,699.99,0.49
974,1/25/2022 09:59:43,-27.3,94.01,997.24,TRUE,Weekend,441.11,0.9
975,9/21/2020 11:48:51,-7.81,45.2,914.6,FALSE,Weekday,160.26,0.59
976,9/14/2022 03:25:12,-32.68,23.07,884.07,TRUE,Weekday,179.81,0.95
977,08-03-2021 01:53,-47.39,77.34,412.48,TRUE,Weekend,73.4,0.31
978,12/28/2021 11:45:47,37.67,73.85,752.7,FALSE,Holiday,630.46,0.16
979,04-08-2022 13:04,-44.26,13.31,212.13,FALSE,Holiday,531,0.02
980,1/23/2020 16:56:41,8.62,83.44,99.95,TRUE,Weekday,397.5,0.12
981,10-05-2022 22:36,-14.85,89.26,363.89,TRUE,Holiday,710.59,0.47
982,2/26/2021 19:39:03,33.29,9.85,925.66,FALSE,Holiday,263.71,0.54
983,8/21/2021 05:21:31,-22.33,19.25,790.33,FALSE,Holiday,293.82,0.11
984,12-06-2021 21:36,0.93,72.84,813.95,FALSE,Weekday,879.54,0.96
985,12/25/2021 15:28:02,19.34,7.95,359.28,FALSE,Holiday,693.66,0.54
986,10/29/2020 03:35:35,16.9,4.04,26.25,FALSE,Holiday,135.22,0.13
987,1/23/2021 04:39:47,39.35,11.81,137.54,FALSE,Weekend,106.07,0.25
988,2/16/2020 05:39:52,-26.51,10.03,846.71,TRUE,Weekend,209.49,0.34
989,02-04-2020 03:15,20.92,86.09,299.53,TRUE,Weekend,731.73,0.01
990,9/20/2021 03:02:13,-44.79,51.18,428.64,FALSE,Weekday,311.64,0.64
991,09-03-2022 21:39,-43.51,81.39,210.3,FALSE,Weekday,264,0.7
992,01-07-2020 11:32,49.3,84.44,459.76,TRUE,Weekday,622.11,0.22
993,9/21/2021 14:43:08,23.6,85.37,357.87,FALSE,Weekday,66.82,0.76
994,10/27/2021 20:23:01,40.11,89.06,873.22,FALSE,Weekday,347.77,1
995,01-12-2020 14:03,27.11,80.01,744.01,FALSE,Weekend,302.23,0.52
996,3/13/2022 12:39:57,23.79,22.96,206.43,FALSE,Weekday,700.01,0.12
997,5/27/2021 11:24:52,34.35,35.11,26.08,TRUE,Holiday,966.86,0.33
998,02-11-2021 07:21,-0.52,70.84,853.59,TRUE,Holiday,838.79,0.56
999,10-05-2022 14:48,11.64,22.33,349.13,FALSE,Holiday,2.94,0.73
1000,5/29/2022 12:44:44,3.36,33.05,453.21,FALSE,Weekday,140.44,0.23
